DHSID_EA,water_index
IA-2015-7-00010009,4.862694777710104
IA-2015-7-00010011,4.75717431362956
IA-2015-7-00010017,4.095918143417075
IA-2015-7-00010044,4.511567945260388
IA-2015-7-00010060,4.8731597921835395
IA-2015-7-00010072,4.723222651859146
IA-2015-7-00010074,4.828723688025182
IA-2015-7-00010099,4.9068872004493755
IA-2015-7-00010109,3.781113683333726
IA-2015-7-00010168,4.277008099702529
IA-2015-7-00010172,4.688141065753337
IA-2015-7-00020001,4.6390275257704365
IA-2015-7-00020024,4.589840895036424
IA-2015-7-00020074,4.860087676220087
IA-2015-7-00020085,3.846380232478629
IA-2015-7-00020095,4.681272169171631
IA-2015-7-00020113,4.439489909692226
IA-2015-7-00020115,5.072526947818616
IA-2015-7-00020160,4.739337858893316
IA-2015-7-00020173,4.407192637920458
IA-2015-7-00020194,4.459084964402827
IA-2015-7-00020206,4.952470667108774
IA-2015-7-00020229,4.91076450085157
IA-2015-7-00020238,4.6861138613213855
IA-2015-7-00020270,4.1075238525209015
IA-2015-7-00020347,4.145198268074169
IA-2015-7-00020348,3.799612574860938
IA-2015-7-00020355,4.537372056828007
IA-2015-7-00020364,3.7889800820093713
IA-2015-7-00020416,4.839979053699368
IA-2015-7-00020424,3.578228674795958
IA-2015-7-00020447,4.8302334156680145
IA-2015-7-00020450,4.767778681237173
IA-2015-7-00020455,5.052493141962459
IA-2015-7-00020499,5.04945142695621
IA-2015-7-00020504,4.627994511568363
IA-2015-7-00020513,4.599038855466793
IA-2015-7-00020557,4.547822791318782
IA-2015-7-00020578,4.6881259901244015
IA-2015-7-00020637,4.982215696968005
IA-2015-7-00020685,3.8480923354611773
IA-2015-7-00020702,4.870119553084463
IA-2015-7-00020733,4.381101907591515
IA-2015-7-00020759,4.735966875097046
IA-2015-7-00020761,3.8544872082663986
IA-2015-7-00020766,4.894899555021967
IA-2015-7-00020780,4.597972554987965
IA-2015-7-00020814,4.496821943658453
IA-2015-7-00020818,3.690013184594986
IA-2015-7-00020831,4.595755262277681
IA-2015-7-00020872,4.204932688501209
IA-2015-7-00020880,4.608710949561453
IA-2015-7-00020882,4.395653136954626
IA-2015-7-00030007,3.9698330651490186
IA-2015-7-00030014,4.536728731148298
IA-2015-7-00030025,3.5173994204021386
IA-2015-7-00030033,4.177191072257859
IA-2015-7-00030040,4.021865273726005
IA-2015-7-00030052,4.168877540412475
IA-2015-7-00030068,3.8158988387345683
IA-2015-7-00030074,3.9838992591059514
IA-2015-7-00030091,4.098138244450324
IA-2015-7-00030097,3.0773350713255385
IA-2015-7-00030108,3.9121805325984886
IA-2015-7-00030118,4.059087263444833
IA-2015-7-00030124,4.177268610400743
IA-2015-7-00030129,4.278254132441781
IA-2015-7-00030137,4.203253205110388
IA-2015-7-00030140,4.197340131847013
IA-2015-7-00030145,4.199289177349659
IA-2015-7-00030182,4.506717533402331
IA-2015-7-00030195,4.405664698711674
IA-2015-7-00030202,4.220756234316605
IA-2015-7-00030207,3.2165830461369826
IA-2015-7-00030217,4.578838182030287
IA-2015-7-00030275,4.542092172719601
IA-2015-7-00030278,4.428211560066817
IA-2015-7-00030279,4.14678709722042
IA-2015-7-00030291,4.014649260126044
IA-2015-7-00030294,4.53808947507851
IA-2015-7-00030303,3.3565921095127984
IA-2015-7-00030310,4.120792292394039
IA-2015-7-00030326,4.106206021878454
IA-2015-7-00030331,4.356602277938867
IA-2015-7-00030332,4.290394726359977
IA-2015-7-00030365,3.1410545501129206
IA-2015-7-00030367,4.132803080095275
IA-2015-7-00030371,4.204116982227912
IA-2015-7-00030383,3.6995498671567577
IA-2015-7-00030393,3.52691376900616
IA-2015-7-00030396,3.984793505095874
IA-2015-7-00030421,3.5449557196017705
IA-2015-7-00030428,3.7256581719833712
IA-2015-7-00030434,4.40898579019966
IA-2015-7-00030448,4.2083651017223165
IA-2015-7-00030449,4.238310453810575
IA-2015-7-00030452,4.409108703379644
IA-2015-7-00030463,3.002749716254342
IA-2015-7-00030470,4.2377062007069135
IA-2015-7-00030477,3.2942714783301947
IA-2015-7-00030478,3.2715150512373987
IA-2015-7-00030492,3.0409866612152903
IA-2015-7-00030502,3.68534613140652
IA-2015-7-00030525,4.170315664366036
IA-2015-7-00030539,4.471460393827707
IA-2015-7-00030552,4.041826242414757
IA-2015-7-00030561,4.447470624516777
IA-2015-7-00030569,4.190210446673947
IA-2015-7-00030585,4.389976973104408
IA-2015-7-00030590,3.84376049646866
IA-2015-7-00030614,3.71416744044367
IA-2015-7-00030619,4.125662491935445
IA-2015-7-00030631,4.31159893898747
IA-2015-7-00030656,4.0474814691376455
IA-2015-7-00030664,4.1012000222411285
IA-2015-7-00030668,4.293944444399216
IA-2015-7-00030722,4.208973145683688
IA-2015-7-00030726,4.259166929585184
IA-2015-7-00030748,4.500665005250042
IA-2015-7-00030763,3.0185173283510243
IA-2015-7-00030764,3.791944797807171
IA-2015-7-00030786,3.698010159850998
IA-2015-7-00030809,3.9891416906835846
IA-2015-7-00030810,4.320601151716546
IA-2015-7-00030827,3.7225697913499043
IA-2015-7-00030833,3.958485960634706
IA-2015-7-00040029,3.550122977395637
IA-2015-7-00040054,4.064279667026687
IA-2015-7-00040056,3.2580437151287183
IA-2015-7-00040077,3.105725397960786
IA-2015-7-00040078,3.9047873075036326
IA-2015-7-00040080,3.133980274989185
IA-2015-7-00040087,3.464795571610233
IA-2015-7-00040132,3.6073422605489642
IA-2015-7-00040178,4.2429098988428
IA-2015-7-00040181,3.630577606766565
IA-2015-7-00040183,3.2798409630495073
IA-2015-7-00040214,3.5703584614759687
IA-2015-7-00040215,3.5271393509918236
IA-2015-7-00040219,3.0292056733061785
IA-2015-7-00040224,3.6204186635917632
IA-2015-7-00040245,3.606124834784375
IA-2015-7-00040250,3.5266580253160185
IA-2015-7-00040256,3.9039449814245324
IA-2015-7-00040267,3.534583462389549
IA-2015-7-00040268,3.1985588048366265
IA-2015-7-00040274,3.2578670505611727
IA-2015-7-00040276,3.1078832302899086
IA-2015-7-00040281,4.417194438333876
IA-2015-7-00040292,2.7525398966742594
IA-2015-7-00040305,3.229061068450767
IA-2015-7-00040310,2.944231076847714
IA-2015-7-00040311,3.2236866088809744
IA-2015-7-00040322,3.0961581607732946
IA-2015-7-00040351,3.3626577568977543
IA-2015-7-00040359,3.520024437193507
IA-2015-7-00040361,3.4860201903860806
IA-2015-7-00040365,3.262476016900203
IA-2015-7-00040389,3.6600393138417897
IA-2015-7-00040395,3.535210179369057
IA-2015-7-00040397,3.6739771200471005
IA-2015-7-00040404,3.382732353507597
IA-2015-7-00040405,3.6622316086734226
IA-2015-7-00040420,3.6201743159425432
IA-2015-7-00040433,2.6510134091197286
IA-2015-7-00040435,3.2318404181839413
IA-2015-7-00040445,2.90352650127677
IA-2015-7-00040451,3.4312197123701282
IA-2015-7-00040460,3.2894483127856415
IA-2015-7-00040462,3.2723960387361184
IA-2015-7-00040477,3.355522113881222
IA-2015-7-00040488,2.7621698608418623
IA-2015-7-00040489,3.2114924400352787
IA-2015-7-00040517,3.0095889128587943
IA-2015-7-00040519,3.4280124252315898
IA-2015-7-00040546,3.6751522313540756
IA-2015-7-00040561,3.1805856733953966
IA-2015-7-00040570,3.5520144850753828
IA-2015-7-00040575,3.1545863751721437
IA-2015-7-00040579,3.2116675488881747
IA-2015-7-00040580,3.391196663725489
IA-2015-7-00040583,3.783106335039863
IA-2015-7-00040602,2.9986343399194832
IA-2015-7-00040615,2.868075428842458
IA-2015-7-00040628,3.446863168101539
IA-2015-7-00040647,3.1102687378060705
IA-2015-7-00040683,2.9974572126462156
IA-2015-7-00040686,2.7743432940448156
IA-2015-7-00040702,4.099158104220734
IA-2015-7-00040717,4.239974773869934
IA-2015-7-00040736,2.849043567919334
IA-2015-7-00040746,3.591254042744699
IA-2015-7-00040750,3.316126607733589
IA-2015-7-00040759,3.2337112706801308
IA-2015-7-00040776,3.7082841717958854
IA-2015-7-00040796,2.97589837045255
IA-2015-7-00040801,3.017527062939132
IA-2015-7-00040808,3.204896191512463
IA-2015-7-00040813,3.6003659689617877
IA-2015-7-00040823,3.6311656007155304
IA-2015-7-00040824,3.2792331391853033
IA-2015-7-00040825,3.522831679827131
IA-2015-7-00040828,3.2678623309163366
IA-2015-7-00040834,3.1445065222111315
IA-2015-7-00040841,2.935591278052779
IA-2015-7-00040845,3.4819839677123743
IA-2015-7-00040849,3.101797507439793
IA-2015-7-00040858,3.2808406367589034
IA-2015-7-00040862,4.243549649606722
IA-2015-7-00040873,3.6844366827602006
IA-2015-7-00040881,2.9884594744662167
IA-2015-7-00040889,4.277955596053639
IA-2015-7-00040897,2.928050827373536
IA-2015-7-00040902,3.2696236219858457
IA-2015-7-00040927,2.908113126151837
IA-2015-7-00040931,3.125784697928164
IA-2015-7-00040962,4.646784641266098
IA-2015-7-00040979,3.387706802565289
IA-2015-7-00040994,2.9932977929208255
IA-2015-7-00040998,3.667052302973373
IA-2015-7-00041023,4.256653453524148
IA-2015-7-00041028,3.5047221492662133
IA-2015-7-00041031,2.9415298431144934
IA-2015-7-00041061,3.038787362951972
IA-2015-7-00041118,3.830631349989256
IA-2015-7-00041123,3.4317359196480557
IA-2015-7-00041124,3.2635697342481254
IA-2015-7-00041133,3.2332609844998177
IA-2015-7-00041134,3.3283287025214743
IA-2015-7-00041141,3.4701053468945484
IA-2015-7-00041143,2.7891613838136533
IA-2015-7-00041161,3.5592081459907594
IA-2015-7-00041163,2.745220440205442
IA-2015-7-00041165,2.982409216181726
IA-2015-7-00041183,2.8444116444045755
IA-2015-7-00041196,3.4582207777824574
IA-2015-7-00041198,4.1618439417257616
IA-2015-7-00041209,4.294205638108659
IA-2015-7-00041216,2.9986582911249227
IA-2015-7-00041229,3.4017279549288557
IA-2015-7-00041235,3.3120074256861955
IA-2015-7-00041242,3.6296835454492586
IA-2015-7-00041245,3.2644345101033525
IA-2015-7-00041260,3.774587492542072
IA-2015-7-00050003,3.014937520758871
IA-2015-7-00050005,4.590537074001775
IA-2015-7-00050014,3.59083395476016
IA-2015-7-00050022,2.774108915926487
IA-2015-7-00050026,2.8080083000418132
IA-2015-7-00050028,3.576780073881913
IA-2015-7-00050049,2.854049016537529
IA-2015-7-00050055,3.374694425385641
IA-2015-7-00050056,2.8462390220319773
IA-2015-7-00050068,3.4272093036316984
IA-2015-7-00050079,3.4021231188339534
IA-2015-7-00050093,4.523190176964313
IA-2015-7-00050098,2.881043626168005
IA-2015-7-00050105,2.8777646250991666
IA-2015-7-00050110,3.2732522473365946
IA-2015-7-00050128,3.6211447078726535
IA-2015-7-00050136,3.4023199937214446
IA-2015-7-00050151,2.891380848595866
IA-2015-7-00050164,4.416556006003068
IA-2015-7-00050165,3.61572748012706
IA-2015-7-00050176,3.115407855230354
IA-2015-7-00050198,2.9321755424808473
IA-2015-7-00050204,3.651937672811505
IA-2015-7-00050211,3.174699653299698
IA-2015-7-00050217,3.165596491201081
IA-2015-7-00050220,2.9180077877160557
IA-2015-7-00050230,3.1792758237607655
IA-2015-7-00050234,4.42463354194831
IA-2015-7-00050235,3.2926192564625176
IA-2015-7-00050246,3.345692851228352
IA-2015-7-00050253,3.5218890513671464
IA-2015-7-00050255,3.232644691590623
IA-2015-7-00050259,2.9581929494697206
IA-2015-7-00050261,3.153556539043731
IA-2015-7-00050265,4.114113519430546
IA-2015-7-00050295,3.036701454132492
IA-2015-7-00050299,4.370949166189387
IA-2015-7-00050302,2.981262680051374
IA-2015-7-00050323,2.9806905689405316
IA-2015-7-00050329,3.4434980952049794
IA-2015-7-00050330,2.923977171387428
IA-2015-7-00050344,2.8289450407515413
IA-2015-7-00050372,3.4467958971217727
IA-2015-7-00050388,3.229112713013324
IA-2015-7-00050416,2.69997393421526
IA-2015-7-00050442,3.7485440975317528
IA-2015-7-00050449,2.972081076783168
IA-2015-7-00050456,3.183434196831939
IA-2015-7-00050459,3.2614988441187465
IA-2015-7-00050460,3.1517720997925243
IA-2015-7-00050488,3.077503210804759
IA-2015-7-00050490,4.1497361846007585
IA-2015-7-00050504,3.042881168958704
IA-2015-7-00050508,4.536398694826172
IA-2015-7-00050510,3.0283336734913218
IA-2015-7-00050545,3.1577289602605174
IA-2015-7-00050551,3.26975669825064
IA-2015-7-00050552,3.0354915163863834
IA-2015-7-00050559,3.234170847271519
IA-2015-7-00050566,3.152983930415545
IA-2015-7-00050574,2.9420468526001833
IA-2015-7-00050602,3.1096734132483026
IA-2015-7-00050605,3.1250230580162666
IA-2015-7-00050612,3.352380230724347
IA-2015-7-00050625,2.9427982880214283
IA-2015-7-00050630,3.0385109783453355
IA-2015-7-00050674,3.07769085507497
IA-2015-7-00050682,3.078620552807607
IA-2015-7-00050685,3.037760241720609
IA-2015-7-00050690,3.5445611219837017
IA-2015-7-00050702,3.0525411579137613
IA-2015-7-00050706,3.406778196649365
IA-2015-7-00050711,3.058675132138973
IA-2015-7-00050717,3.416031749609172
IA-2015-7-00050718,3.0370280967375805
IA-2015-7-00050722,3.052120605461915
IA-2015-7-00050734,4.127095765717915
IA-2015-7-00050737,2.9019706878500204
IA-2015-7-00050739,3.006453908828141
IA-2015-7-00050742,3.219333736337814
IA-2015-7-00050758,3.6580601217520887
IA-2015-7-00050780,3.0530041584538945
IA-2015-7-00050786,3.2424797656848425
IA-2015-7-00050793,3.3000505260178303
IA-2015-7-00050802,3.007716682115945
IA-2015-7-00050815,3.3603317475754557
IA-2015-7-00050825,3.5323494683848318
IA-2015-7-00050837,2.8522922475215764
IA-2015-7-00050863,3.912470244245919
IA-2015-7-00050870,3.178858404259534
IA-2015-7-00050877,3.581011615643885
IA-2015-7-00050881,3.135485689609682
IA-2015-7-00050886,2.6731301841551294
IA-2015-7-00050889,2.9160698511812426
IA-2015-7-00050899,2.632867486145144
IA-2015-7-00050908,2.933100639329697
IA-2015-7-00050921,3.3684363928871295
IA-2015-7-00050922,3.0554365190684263
IA-2015-7-00050931,3.501605503888967
IA-2015-7-00050940,3.108161650145243
IA-2015-7-00050971,3.59566899902001
IA-2015-7-00050973,2.990291463857019
IA-2015-7-00050995,2.965165931665949
IA-2015-7-00051012,3.5366575583450994
IA-2015-7-00051015,4.162654787481477
IA-2015-7-00051023,3.7924567030058447
IA-2015-7-00051055,3.163700094280063
IA-2015-7-00051057,2.935977338282034
IA-2015-7-00051085,3.448390751108286
IA-2015-7-00051115,2.7310555067895312
IA-2015-7-00051123,3.6798956978403674
IA-2015-7-00051124,3.095872256591591
IA-2015-7-00051125,3.440992179488093
IA-2015-7-00051128,2.813037022817866
IA-2015-7-00051136,3.2977172338405345
IA-2015-7-00051178,2.9993996574131025
IA-2015-7-00051183,3.104848761446331
IA-2015-7-00051186,3.211516670074825
IA-2015-7-00051191,2.9353795657791184
IA-2015-7-00051204,3.013447228691358
IA-2015-7-00051210,3.0372138060460014
IA-2015-7-00051213,3.005680896119381
IA-2015-7-00051217,3.4899034912780995
IA-2015-7-00051218,3.1260109637348292
IA-2015-7-00051241,2.850584596595612
IA-2015-7-00051245,3.0075131123267895
IA-2015-7-00051249,2.970619305531246
IA-2015-7-00051250,3.625732738827837
IA-2015-7-00051269,2.808090644681935
IA-2015-7-00051278,3.6384621055389377
IA-2015-7-00051305,2.692163405344538
IA-2015-7-00051306,3.26113934009229
IA-2015-7-00051310,2.733975341379416
IA-2015-7-00051319,3.361825626853611
IA-2015-7-00051336,2.9680292587209727
IA-2015-7-00051340,3.1514916495427783
IA-2015-7-00051344,2.963838634167431
IA-2015-7-00051375,3.5449977192228252
IA-2015-7-00051405,3.2300515993673033
IA-2015-7-00051407,3.40251242612676
IA-2015-7-00051441,2.855382698249921
IA-2015-7-00051479,2.99010431178436
IA-2015-7-00051488,3.0060560028178593
IA-2015-7-00051509,3.19819105082006
IA-2015-7-00051518,3.5386522919365517
IA-2015-7-00051525,2.829518739380003
IA-2015-7-00051531,3.7521801681445583
IA-2015-7-00051535,3.010801416498572
IA-2015-7-00051538,3.315595194772841
IA-2015-7-00051541,3.1033093888668817
IA-2015-7-00051557,3.0159379697318482
IA-2015-7-00051588,2.778382565376592
IA-2015-7-00051594,3.0340594541345385
IA-2015-7-00051596,2.944360709704607
IA-2015-7-00051607,2.9764754361527044
IA-2015-7-00051608,2.928948177773821
IA-2015-7-00051615,3.2336196524199265
IA-2015-7-00051621,3.233945984844931
IA-2015-7-00051647,2.7512082222539846
IA-2015-7-00051662,3.933786690690843
IA-2015-7-00051665,3.106905368530986
IA-2015-7-00051701,2.813511882493327
IA-2015-7-00051702,2.9397766501971687
IA-2015-7-00051720,2.950087541555234
IA-2015-7-00051736,3.1220263411783207
IA-2015-7-00051756,3.11313511489771
IA-2015-7-00051767,2.8237154543141645
IA-2015-7-00060007,4.816684480656185
IA-2015-7-00060048,4.875340037288258
IA-2015-7-00070016,4.112254526579133
IA-2015-7-00070022,3.6359507021213515
IA-2015-7-00070024,3.1935676863673033
IA-2015-7-00070026,4.1160565211194085
IA-2015-7-00070028,3.6042635142821515
IA-2015-7-00070044,4.290994060796259
IA-2015-7-00070077,3.6352881097918974
IA-2015-7-00070183,3.1459505138328776
IA-2015-7-00070196,3.904227199960606
IA-2015-7-00070235,3.9442789004711045
IA-2015-7-00070261,3.79606506145743
IA-2015-7-00070293,4.4555208847175045
IA-2015-7-00070299,3.0361615686251318
IA-2015-7-00070300,4.275810363662186
IA-2015-7-00070318,3.670128752075242
IA-2015-7-00070332,2.942016587274562
IA-2015-7-00070334,4.513625653205205
IA-2015-7-00070340,3.125309762994159
IA-2015-7-00070343,3.487263448898216
IA-2015-7-00070345,3.101424476666182
IA-2015-7-00070346,4.280675469054641
IA-2015-7-00070347,4.056700114644634
IA-2015-7-00070350,4.57695319729989
IA-2015-7-00070358,4.285695447681368
IA-2015-7-00070366,3.7053198335421778
IA-2015-7-00070369,4.410875855267889
IA-2015-7-00070375,3.8125171611341875
IA-2015-7-00070385,3.682676220687182
IA-2015-7-00070386,3.2750946306808197
IA-2015-7-00070405,4.06689345275398
IA-2015-7-00070431,4.103124295310756
IA-2015-7-00070442,4.432400869736572
IA-2015-7-00070444,3.321503719460588
IA-2015-7-00070449,4.264859288585428
IA-2015-7-00070455,3.4479303516201787
IA-2015-7-00070471,3.299884921454521
IA-2015-7-00070477,4.421407833537605
IA-2015-7-00070482,3.6004671352926936
IA-2015-7-00070534,4.520154071551596
IA-2015-7-00070545,3.1932313241492833
IA-2015-7-00070547,3.2700033889312907
IA-2015-7-00070570,3.415290837200276
IA-2015-7-00070584,3.5289602492092254
IA-2015-7-00070599,4.0113123610363015
IA-2015-7-00070603,4.527446078477507
IA-2015-7-00070639,3.9409634117576466
IA-2015-7-00070645,4.319804420615269
IA-2015-7-00070646,3.450912197869708
IA-2015-7-00070654,3.46177125211171
IA-2015-7-00070656,4.2237141963178955
IA-2015-7-00070669,3.726743649522218
IA-2015-7-00070670,4.594572299551499
IA-2015-7-00070684,4.118347756535079
IA-2015-7-00070694,3.357160952708405
IA-2015-7-00070701,3.3752747454681407
IA-2015-7-00070706,3.448569928212387
IA-2015-7-00070721,3.1838993795210255
IA-2015-7-00070728,4.209571370768403
IA-2015-7-00070731,3.603004463770187
IA-2015-7-00070736,3.4308028570020337
IA-2015-7-00070786,4.322431694856626
IA-2015-7-00070825,3.077383064871772
IA-2015-7-00070850,3.3151709822559363
IA-2015-7-00070851,3.1857936635239836
IA-2015-7-00070852,3.0748789939707173
IA-2015-7-00070854,4.952419963487654
IA-2015-7-00070856,5.014273242175946
IA-2015-7-00070861,4.004877026446262
IA-2015-7-00070874,3.466139691806923
IA-2015-7-00070882,4.598744699646384
IA-2015-7-00070886,3.6469745915248115
IA-2015-7-00070890,4.51297610912792
IA-2015-7-00070893,4.508995395369525
IA-2015-7-00070895,3.7352487228657
IA-2015-7-00070903,3.4585487714906122
IA-2015-7-00070907,3.2869313261526614
IA-2015-7-00070913,4.814976028619347
IA-2015-7-00070923,3.303626085206316
IA-2015-7-00070926,3.5105059322076784
IA-2015-7-00070927,3.892915363600147
IA-2015-7-00070932,3.386372524232537
IA-2015-7-00070938,3.918445085919151
IA-2015-7-00070940,3.8687587691869068
IA-2015-7-00070943,3.511803831950595
IA-2015-7-00070946,3.4384846453755085
IA-2015-7-00070954,2.9589521438473723
IA-2015-7-00070968,3.6103804121735834
IA-2015-7-00070975,3.3315570118257956
IA-2015-7-00070983,3.5358835756653386
IA-2015-7-00070989,3.6134796988045865
IA-2015-7-00071003,4.222063843159329
IA-2015-7-00071008,4.670430922451325
IA-2015-7-00071032,3.8027837450820607
IA-2015-7-00071048,3.932649920831242
IA-2015-7-00080012,3.8639548416706866
IA-2015-7-00080055,3.434865116727563
IA-2015-7-00080091,3.843456988128673
IA-2015-7-00090001,4.602373975340851
IA-2015-7-00090039,4.82516307702103
IA-2015-7-00090064,5.011002976046191
IA-2015-7-00090101,4.941445148716335
IA-2015-7-00090127,4.816703265129963
IA-2015-7-00100002,5.128888203344964
IA-2015-7-00100018,4.847818867562026
IA-2015-7-00100024,5.156498172434626
IA-2015-7-00100085,4.967016363996885
IA-2015-7-00100101,4.621786274611926
IA-2015-7-00100105,5.1123788858586945
IA-2015-7-00100127,5.129681345476754
IA-2015-7-00100151,4.1581989352135755
IA-2015-7-00110007,3.859608784111962
IA-2015-7-00110020,4.913401735188593
IA-2015-7-00110023,4.775621007049088
IA-2015-7-00110027,3.8964279036252534
IA-2015-7-00110055,3.844977915740166
IA-2015-7-00110060,4.333762473035906
IA-2015-7-00110078,4.804904459170325
IA-2015-7-00110083,4.865275203460024
IA-2015-7-00110088,3.8711412127703038
IA-2015-7-00110095,5.004322161720674
IA-2015-7-00110104,5.030459620831726
IA-2015-7-00110130,4.324088087931285
IA-2015-7-00110134,3.5403698062985796
IA-2015-7-00110141,3.5321127456183237
IA-2015-7-00110144,5.272406317668316
IA-2015-7-00110164,4.327675342252313
IA-2015-7-00110165,3.727951904621104
IA-2015-7-00110181,3.819137880986163
IA-2015-7-00110191,5.123970112154289
IA-2015-7-00110213,5.048192372687815
IA-2015-7-00110227,5.082159855419787
IA-2015-7-00110236,3.9264590027525688
IA-2015-7-00110250,3.9110145845451494
IA-2015-7-00110272,4.545824469512942
IA-2015-7-00110284,5.001821457941926
IA-2015-7-00110299,3.7443987271208363
IA-2015-7-00110300,3.844289324290578
IA-2015-7-00110306,5.311468055257864
IA-2015-7-00110311,4.993098574783888
IA-2015-7-00110346,4.627496597762752
IA-2015-7-00110350,3.5207824829689485
IA-2015-7-00110369,3.76424039133351
IA-2015-7-00110385,3.6181444982637045
IA-2015-7-00110401,4.973251092051164
IA-2015-7-00110405,3.701278245729737
IA-2015-7-00110423,3.841437055151031
IA-2015-7-00110428,4.699136881996701
IA-2015-7-00110431,4.76769199726564
IA-2015-7-00110441,5.141851504252497
IA-2015-7-00110449,4.32161848509269
IA-2015-7-00110469,4.221376865598511
IA-2015-7-00110484,4.319128307295891
IA-2015-7-00110492,4.731468834635971
IA-2015-7-00110493,4.786012025376637
IA-2015-7-00110502,3.6858792122573187
IA-2015-7-00110540,4.4274050587833695
IA-2015-7-00110547,4.921895500313996
IA-2015-7-00110562,4.613807102893519
IA-2015-7-00110565,4.104672036529735
IA-2015-7-00110575,3.5543484169138035
IA-2015-7-00110577,5.146597358560404
IA-2015-7-00110589,4.975729863459593
IA-2015-7-00110597,3.9677889887962894
IA-2015-7-00110598,4.117063629074551
IA-2015-7-00110603,4.489151690565116
IA-2015-7-00110627,3.5887242758082603
IA-2015-7-00110631,4.442593854869674
IA-2015-7-00110648,3.4043164427533408
IA-2015-7-00110651,5.168823314947499
IA-2015-7-00110666,4.858375519119276
IA-2015-7-00110676,4.915619598981028
IA-2015-7-00110687,4.409570853205578
IA-2015-7-00110691,3.4168568835532027
IA-2015-7-00110704,4.855470575643746
IA-2015-7-00110723,4.208564269223423
IA-2015-7-00110724,4.8715617478782285
IA-2015-7-00110731,4.99768084859557
IA-2015-7-00110736,4.6243563456476
IA-2015-7-00110744,5.129606287337088
IA-2015-7-00110746,4.882624437147443
IA-2015-7-00110764,4.590401772363492
IA-2015-7-00110772,5.076391646146627
IA-2015-7-00110779,4.825928315613389
IA-2015-7-00110782,4.595396065257333
IA-2015-7-00110803,4.911494583973749
IA-2015-7-00110819,4.870423107876723
IA-2015-7-00110828,3.9106680762643413
IA-2015-7-00110833,4.557905967337453
IA-2015-7-00110846,5.062420949818382
IA-2015-7-00110848,4.191607625661913
IA-2015-7-00110865,4.968943168559209
IA-2015-7-00110875,5.1276397643129386
IA-2015-7-00110881,3.919074371145704
IA-2015-7-00110896,4.777307675374566
IA-2015-7-00110904,4.111070468614146
IA-2015-7-00110910,4.332909916724121
IA-2015-7-00110911,5.09039599965206
IA-2015-7-00110917,4.728716385493934
IA-2015-7-00110920,3.9595314552957066
IA-2015-7-00110946,3.724353470541993
IA-2015-7-00110952,3.964844984240935
IA-2015-7-00110954,4.198407986180719
IA-2015-7-00110955,5.190721009100249
IA-2015-7-00110976,4.683350956276756
IA-2015-7-00110979,4.03481512802753
IA-2015-7-00110999,3.4009842959868783
IA-2015-7-00111003,4.163433330533747
IA-2015-7-00111019,4.842650948732592
IA-2015-7-00111027,4.853392690642863
IA-2015-7-00111041,4.919851992029212
IA-2015-7-00111044,4.460863945379911
IA-2015-7-00111046,3.8724996787100223
IA-2015-7-00111062,4.747936565445688
IA-2015-7-00111063,4.993492696811094
IA-2015-7-00111067,3.8069292717025394
IA-2015-7-00111074,5.016157810185309
IA-2015-7-00111078,3.6066660982523753
IA-2015-7-00111080,4.638717172687441
IA-2015-7-00111086,4.9228137861862145
IA-2015-7-00111088,5.0718481290659625
IA-2015-7-00120007,4.186223313729762
IA-2015-7-00120036,4.85058626260451
IA-2015-7-00120043,4.757646521081238
IA-2015-7-00120050,4.751511505911868
IA-2015-7-00120067,4.841555360042589
IA-2015-7-00120079,4.418645322228512
IA-2015-7-00120088,4.264183155302355
IA-2015-7-00120110,4.6481066664436455
IA-2015-7-00120146,4.464789222486804
IA-2015-7-00120153,4.39311141577371
IA-2015-7-00120168,4.451624383540139
IA-2015-7-00120177,4.528253588367759
IA-2015-7-00120179,3.7000782379249615
IA-2015-7-00120180,4.693077816541887
IA-2015-7-00120191,4.611202387881994
IA-2015-7-00120238,4.282881643913617
IA-2015-7-00120248,4.470797717246171
IA-2015-7-00120277,4.836626944371872
IA-2015-7-00120286,4.63670545994141
IA-2015-7-00120289,3.4676552635309243
IA-2015-7-00120290,4.4297242730367135
IA-2015-7-00120294,4.672773920783666
IA-2015-7-00120306,4.25705853184304
IA-2015-7-00120307,4.67902543635015
IA-2015-7-00120312,4.226726512754926
IA-2015-7-00120320,4.613866643635994
IA-2015-7-00120338,3.697113569169606
IA-2015-7-00120349,4.642878011908232
IA-2015-7-00120355,4.788220659131188
IA-2015-7-00120362,4.705067678474197
IA-2015-7-00120382,4.427364098701219
IA-2015-7-00120386,3.6296067244925756
IA-2015-7-00120404,4.652162115716857
IA-2015-7-00120416,4.782477500714519
IA-2015-7-00120420,4.030119455364858
IA-2015-7-00120421,4.849474436286357
IA-2015-7-00120427,4.829444024495379
IA-2015-7-00120429,3.9301445328599756
IA-2015-7-00120435,4.589471941820513
IA-2015-7-00120459,4.090191433679667
IA-2015-7-00120469,4.877617920044495
IA-2015-7-00120470,4.265134519885608
IA-2015-7-00120473,4.33906490103635
IA-2015-7-00120477,4.288016947959191
IA-2015-7-00120511,4.619140201673156
IA-2015-7-00120558,4.143892146233503
IA-2015-7-00120562,3.971991438292234
IA-2015-7-00120588,4.479883588959739
IA-2015-7-00120605,4.242579765243457
IA-2015-7-00120607,4.004558021572095
IA-2015-7-00120614,4.441932406220403
IA-2015-7-00120638,4.255981308924552
IA-2015-7-00120669,4.519296088331657
IA-2015-7-00120694,4.38132893064153
IA-2015-7-00120705,4.407320479215603
IA-2015-7-00120706,4.86228870370698
IA-2015-7-00120718,3.9506898570579065
IA-2015-7-00120720,4.398345459879371
IA-2015-7-00120723,4.748641306879
IA-2015-7-00120730,4.7083065720254815
IA-2015-7-00120736,4.148627671897534
IA-2015-7-00120750,4.246310416993195
IA-2015-7-00120762,4.2015939549956585
IA-2015-7-00120766,4.203027350250819
IA-2015-7-00120767,4.3672444750114074
IA-2015-7-00120783,4.5411606396064474
IA-2015-7-00120785,4.377733580833443
IA-2015-7-00120786,4.128714021649248
IA-2015-7-00120789,3.636163149637554
IA-2015-7-00120793,4.330419554569662
IA-2015-7-00120817,3.700060375949454
IA-2015-7-00120818,4.422511846122147
IA-2015-7-00120834,4.3791476054921645
IA-2015-7-00120843,4.213657231895516
IA-2015-7-00120848,4.934397994107574
IA-2015-7-00120853,4.035294813315506
IA-2015-7-00120871,4.063346729243056
IA-2015-7-00120875,4.269222778463304
IA-2015-7-00120890,4.758634042809552
IA-2015-7-00130004,4.22109539462611
IA-2015-7-00130055,4.052665974489589
IA-2015-7-00130068,3.7874749467269573
IA-2015-7-00130071,4.379754705680421
IA-2015-7-00130076,4.55371894786634
IA-2015-7-00130090,4.6001091992511185
IA-2015-7-00130102,4.670974883147018
IA-2015-7-00130109,3.979404940330443
IA-2015-7-00130120,4.680777779310283
IA-2015-7-00130148,4.308352019316118
IA-2015-7-00130164,4.692881036554011
IA-2015-7-00130191,4.658299620559996
IA-2015-7-00130203,4.329800091483161
IA-2015-7-00130204,4.5548548000827545
IA-2015-7-00130210,4.214813848390367
IA-2015-7-00130219,4.563430614068887
IA-2015-7-00130221,4.832210268628467
IA-2015-7-00130242,4.416462943760839
IA-2015-7-00130245,4.676565965102691
IA-2015-7-00130248,4.5124759206801155
IA-2015-7-00130249,4.536411602106373
IA-2015-7-00130250,3.7775829350998538
IA-2015-7-00130266,4.616179559715789
IA-2015-7-00130268,3.5092429774417986
IA-2015-7-00130284,4.6766339646648944
IA-2015-7-00130285,4.523493257490157
IA-2015-7-00130288,4.457850159521126
IA-2015-7-00130300,4.547928277848069
IA-2015-7-00130306,4.564691342840057
IA-2015-7-00130310,4.278356289914575
IA-2015-7-00130318,3.430639914856156
IA-2015-7-00130325,3.925291483443194
IA-2015-7-00130330,4.249633946088776
IA-2015-7-00130340,4.261991621238778
IA-2015-7-00130348,4.496412760879917
IA-2015-7-00130375,4.554669320772746
IA-2015-7-00130386,4.726014241593546
IA-2015-7-00130391,4.686057581948736
IA-2015-7-00130396,4.472018158529641
IA-2015-7-00130397,4.278558170200421
IA-2015-7-00130444,4.181695455963601
IA-2015-7-00130450,4.235193491177043
IA-2015-7-00130460,4.255921118023965
IA-2015-7-00130472,4.43588849400877
IA-2015-7-00130488,4.290875393285273
IA-2015-7-00130498,4.486533441959683
IA-2015-7-00130529,4.61368947149073
IA-2015-7-00130542,4.216332710003105
IA-2015-7-00130546,4.341462162385138
IA-2015-7-00140008,4.462988341175134
IA-2015-7-00140016,4.284712384456025
IA-2015-7-00140017,4.497772712256765
IA-2015-7-00140019,4.021967784087613
IA-2015-7-00140033,4.17035221147291
IA-2015-7-00140042,3.8982644734333167
IA-2015-7-00140071,3.7876085418385497
IA-2015-7-00140084,4.785375757129112
IA-2015-7-00140088,4.585510155740749
IA-2015-7-00140090,3.85801620730445
IA-2015-7-00140100,4.232500966077593
IA-2015-7-00140108,3.6547326361140353
IA-2015-7-00140115,3.593496101739577
IA-2015-7-00140119,4.241125440694232
IA-2015-7-00140124,4.555131878528023
IA-2015-7-00140128,4.511406336919594
IA-2015-7-00140134,4.5436187491586715
IA-2015-7-00140142,4.545199608036452
IA-2015-7-00140145,3.381975720604185
IA-2015-7-00140157,4.307896065418163
IA-2015-7-00140162,3.836284701863965
IA-2015-7-00140163,4.461413491387821
IA-2015-7-00140179,3.203267835412353
IA-2015-7-00140180,4.634905767065613
IA-2015-7-00140187,3.7726525810470566
IA-2015-7-00140189,3.8388021043290745
IA-2015-7-00140203,4.7313975283444805
IA-2015-7-00140221,4.063154895523587
IA-2015-7-00140222,4.7386284775455945
IA-2015-7-00140224,3.40422302716817
IA-2015-7-00140235,4.313580909953151
IA-2015-7-00140242,2.7590046846571177
IA-2015-7-00140245,4.152141128287095
IA-2015-7-00140327,3.8385289733762864
IA-2015-7-00140345,3.4526942152016407
IA-2015-7-00140360,3.76696321498682
IA-2015-7-00140361,3.8886067055124087
IA-2015-7-00140363,4.538951697701291
IA-2015-7-00140371,2.639674227731824
IA-2015-7-00140381,4.453612254857543
IA-2015-7-00140385,4.262128106148738
IA-2015-7-00140398,4.562597794467202
IA-2015-7-00140400,4.696679881298516
IA-2015-7-00140411,4.09330312520995
IA-2015-7-00140425,4.647004833872643
IA-2015-7-00140427,3.6284143762364263
IA-2015-7-00140440,4.335307629327513
IA-2015-7-00140492,3.5052064898914743
IA-2015-7-00140493,3.1892505590766262
IA-2015-7-00140497,4.490759683425271
IA-2015-7-00140527,3.0610209465205642
IA-2015-7-00140528,4.580383427343982
IA-2015-7-00140529,4.051597888595271
IA-2015-7-00140531,3.9964907539143972
IA-2015-7-00140534,4.368417884262017
IA-2015-7-00140561,4.165056522074339
IA-2015-7-00140569,3.76059349958474
IA-2015-7-00140585,4.199791401151911
IA-2015-7-00140600,4.653000853447383
IA-2015-7-00140614,4.924487208896393
IA-2015-7-00140618,4.412732895064156
IA-2015-7-00140624,4.0652667779098675
IA-2015-7-00140649,4.524965502972
IA-2015-7-00140675,3.2981857531091165
IA-2015-7-00140685,4.464113488576812
IA-2015-7-00140688,4.5019774330451074
IA-2015-7-00140689,4.64455869825203
IA-2015-7-00140697,3.4584016939721547
IA-2015-7-00140698,4.250069390146406
IA-2015-7-00140708,3.7585023761577094
IA-2015-7-00140715,4.0925500213940165
IA-2015-7-00140731,3.940782972537118
IA-2015-7-00140738,3.8523507423758474
IA-2015-7-00140779,4.514436389173991
IA-2015-7-00140794,3.849964397008252
IA-2015-7-00140801,4.404427131492675
IA-2015-7-00140820,3.9173467765129004
IA-2015-7-00140832,3.826945296179428
IA-2015-7-00140836,3.6155103565354185
IA-2015-7-00140844,4.391524735223994
IA-2015-7-00140859,4.182686305805877
IA-2015-7-00140869,4.430116562104493
IA-2015-7-00140873,4.13270422498074
IA-2015-7-00140892,4.2266128215113365
IA-2015-7-00140901,4.060473111959645
IA-2015-7-00140908,4.669397018201719
IA-2015-7-00140909,4.6215548935511706
IA-2015-7-00140914,3.8680305060918663
IA-2015-7-00140923,4.283800732938827
IA-2015-7-00150013,3.1398722327125457
IA-2015-7-00150020,3.009044042785571
IA-2015-7-00150054,3.0531255422691173
IA-2015-7-00150072,2.8847008796101923
IA-2015-7-00150096,3.3322036494331124
IA-2015-7-00150097,3.218810842832659
IA-2015-7-00150107,2.874331052901396
IA-2015-7-00150112,3.32280579306265
IA-2015-7-00150119,2.96082181247274
IA-2015-7-00150121,4.553464375584304
IA-2015-7-00150129,3.184802838381972
IA-2015-7-00150132,3.2468072316610153
IA-2015-7-00150133,3.0429268122058266
IA-2015-7-00150140,3.0692306006021015
IA-2015-7-00150142,3.1895273568616043
IA-2015-7-00150146,3.9840753971907867
IA-2015-7-00150147,3.266684488942656
IA-2015-7-00150165,3.2470031363284564
IA-2015-7-00150168,3.1105088820671147
IA-2015-7-00150190,4.510197504348537
IA-2015-7-00150208,3.15668558938125
IA-2015-7-00150210,3.08196979042211
IA-2015-7-00150227,4.377671079109805
IA-2015-7-00150239,2.86981059942343
IA-2015-7-00150243,2.76301907271002
IA-2015-7-00150254,4.81722145002174
IA-2015-7-00150266,2.8837516254194204
IA-2015-7-00150276,3.096609950422148
IA-2015-7-00150284,4.6467929971851705
IA-2015-7-00150305,3.185609271444254
IA-2015-7-00150306,2.9905236170209113
IA-2015-7-00150307,4.600731030718511
IA-2015-7-00150309,3.0866642909731494
IA-2015-7-00150320,3.07041329161527
IA-2015-7-00150321,3.630176345018195
IA-2015-7-00150322,3.5884581269498925
IA-2015-7-00150325,3.3506491558022278
IA-2015-7-00150326,3.113934682687277
IA-2015-7-00150339,4.3681518666854044
IA-2015-7-00150380,3.0937431315712756
IA-2015-7-00150381,2.8508702408015028
IA-2015-7-00150392,3.3692541121267654
IA-2015-7-00150395,4.411734633546538
IA-2015-7-00150404,3.2983483665176356
IA-2015-7-00150425,2.96350586492468
IA-2015-7-00150440,3.3508359698964734
IA-2015-7-00150443,3.1276153286290507
IA-2015-7-00150451,3.3666702270014257
IA-2015-7-00150464,2.6468856664988776
IA-2015-7-00150469,2.9401251548300946
IA-2015-7-00150471,2.904070811853585
IA-2015-7-00150472,3.5651834436018968
IA-2015-7-00150476,4.53231420415785
IA-2015-7-00150483,2.761755734908113
IA-2015-7-00150488,4.104147386492243
IA-2015-7-00150495,3.026456301772785
IA-2015-7-00150532,2.8476505004578625
IA-2015-7-00150540,2.9534336635943896
IA-2015-7-00150550,4.073389090851971
IA-2015-7-00150568,3.108981744563759
IA-2015-7-00150571,2.9065863634610514
IA-2015-7-00150584,2.991728599689311
IA-2015-7-00150587,2.9639990559645435
IA-2015-7-00150589,3.7365030023552572
IA-2015-7-00150612,4.338804859038663
IA-2015-7-00150619,2.903019512297475
IA-2015-7-00150621,4.3973622279298
IA-2015-7-00150646,3.488947924133025
IA-2015-7-00150666,3.4178035854557054
IA-2015-7-00150670,3.0970393787237773
IA-2015-7-00150682,3.588725847963075
IA-2015-7-00150687,2.9459385362030046
IA-2015-7-00150689,3.8221641455955373
IA-2015-7-00150721,3.1021118089644295
IA-2015-7-00150744,3.569988848519446
IA-2015-7-00150806,4.066510813419005
IA-2015-7-00150817,3.823687561862479
IA-2015-7-00150818,3.209177926654946
IA-2015-7-00150835,2.5909547761386085
IA-2015-7-00150836,3.1951988484919314
IA-2015-7-00150841,3.436362721198919
IA-2015-7-00150849,2.878363747608085
IA-2015-7-00150853,2.9105844320653746
IA-2015-7-00150855,3.1360340297014924
IA-2015-7-00150865,3.4107103080204952
IA-2015-7-00150879,4.370670801402432
IA-2015-7-00150909,3.6103480850319523
IA-2015-7-00150913,3.094128734131334
IA-2015-7-00150932,2.9135696602671937
IA-2015-7-00150938,2.7575310601611696
IA-2015-7-00150945,4.167105372167053
IA-2015-7-00150952,3.212329051194316
IA-2015-7-00150963,4.485388690351182
IA-2015-7-00150968,4.0359353309554935
IA-2015-7-00150996,4.353515249042485
IA-2015-7-00151002,3.4839512718954753
IA-2015-7-00151017,3.2311860831668033
IA-2015-7-00151018,4.429614046024528
IA-2015-7-00151031,3.234667754308613
IA-2015-7-00151041,3.1443802125612033
IA-2015-7-00151044,3.155142796527545
IA-2015-7-00151056,3.057613216009064
IA-2015-7-00151074,3.3484345227401464
IA-2015-7-00151079,2.7954159030556758
IA-2015-7-00151095,3.286580015351558
IA-2015-7-00151102,2.95092103267434
IA-2015-7-00151105,3.2280301663239426
IA-2015-7-00151113,2.999804447878181
IA-2015-7-00151114,3.4930065861983275
IA-2015-7-00151136,4.187206005143188
IA-2015-7-00151140,3.0844840693741604
IA-2015-7-00151142,3.126513010486083
IA-2015-7-00151146,3.1708788979455163
IA-2015-7-00151152,3.042287331358854
IA-2015-7-00151169,2.990676136032195
IA-2015-7-00151178,2.9786484748674793
IA-2015-7-00151239,3.298679155967924
IA-2015-7-00151262,3.1283809828769877
IA-2015-7-00151279,4.274739977497208
IA-2015-7-00151297,2.877518261788313
IA-2015-7-00151299,3.647816320024142
IA-2015-7-00151322,3.0352710484684584
IA-2015-7-00151326,4.501010636524454
IA-2015-7-00151329,2.754756035669101
IA-2015-7-00160005,4.423741682327464
IA-2015-7-00160029,4.395736366746956
IA-2015-7-00160057,4.89239651381439
IA-2015-7-00160062,4.0966283599324935
IA-2015-7-00160069,4.785930294974273
IA-2015-7-00160085,4.29059758693449
IA-2015-7-00160086,4.7614325521918754
IA-2015-7-00160087,4.456546390438351
IA-2015-7-00160103,4.061577244266941
IA-2015-7-00160116,4.261097512899704
IA-2015-7-00160119,4.590750799228857
IA-2015-7-00160120,4.304940605019647
IA-2015-7-00160135,5.335806973148394
IA-2015-7-00160149,4.552910808535229
IA-2015-7-00160157,4.856694843798831
IA-2015-7-00160169,4.925270227869898
IA-2015-7-00160183,4.82156188760805
IA-2015-7-00160220,4.226374247035464
IA-2015-7-00160221,4.871806453269409
IA-2015-7-00160237,4.278653386754897
IA-2015-7-00160287,4.634492790858101
IA-2015-7-00160308,4.641967855679306
IA-2015-7-00160312,4.676510796131659
IA-2015-7-00160313,4.248258501033019
IA-2015-7-00160319,4.328059563907148
IA-2015-7-00160342,3.9845814051492923
IA-2015-7-00160344,5.033293385160572
IA-2015-7-00160347,4.666345122639221
IA-2015-7-00160353,4.563471302668498
IA-2015-7-00160382,4.858053688922201
IA-2015-7-00160394,4.599826292173173
IA-2015-7-00160404,4.977213361532536
IA-2015-7-00160416,4.240243069313468
IA-2015-7-00160429,4.101808302649756
IA-2015-7-00160447,4.159572206064725
IA-2015-7-00160461,4.185482949519951
IA-2015-7-00160481,4.239066983372986
IA-2015-7-00160531,4.9355673632859265
IA-2015-7-00160533,4.057962453575897
IA-2015-7-00160540,5.121319011834295
IA-2015-7-00160548,5.131718376976041
IA-2015-7-00160557,4.32878309469317
IA-2015-7-00160564,4.881455968257592
IA-2015-7-00160578,5.167567622096708
IA-2015-7-00160594,4.095203624703121
IA-2015-7-00160602,4.94004880381271
IA-2015-7-00160614,4.736775192230384
IA-2015-7-00160618,4.608087589927647
IA-2015-7-00160631,4.29133548488322
IA-2015-7-00160632,4.996409903514907
IA-2015-7-00160638,5.080134486386729
IA-2015-7-00160645,4.9500587253052615
IA-2015-7-00160664,5.01193671225392
IA-2015-7-00160677,4.266060683751276
IA-2015-7-00160698,4.105985038368109
IA-2015-7-00160716,4.42416590809418
IA-2015-7-00160724,4.873562758226829
IA-2015-7-00160751,4.580263480789792
IA-2015-7-00160771,4.179808012143164
IA-2015-7-00160774,4.611116942579072
IA-2015-7-00160786,4.379882475179402
IA-2015-7-00160800,4.8577753511022745
IA-2015-7-00160820,3.9007001909767887
IA-2015-7-00160864,4.211426963113258
IA-2015-7-00160887,4.7877203062155544
IA-2015-7-00160892,4.450712908973195
IA-2015-7-00160910,4.7670803113740075
IA-2015-7-00160938,4.729180778169596
IA-2015-7-00160947,4.891105665268375
IA-2015-7-00160967,4.840528175767506
IA-2015-7-00160977,4.492119472581246
IA-2015-7-00160979,4.163437821668396
IA-2015-7-00160981,4.79575605804143
IA-2015-7-00160985,3.7218166767169336
IA-2015-7-00160991,4.779779965651077
IA-2015-7-00160998,4.188533838171574
IA-2015-7-00161018,4.466984507214439
IA-2015-7-00161031,4.0664796626970325
IA-2015-7-00161043,4.7004688439432805
IA-2015-7-00161058,4.747555824727106
IA-2015-7-00161069,4.092796385526054
IA-2015-7-00161084,4.494306547556683
IA-2015-7-00161085,4.624120697330579
IA-2015-7-00161093,4.427436775761528
IA-2015-7-00161106,4.571372268884799
IA-2015-7-00161122,4.418899580299161
IA-2015-7-00161127,4.118383585725606
IA-2015-7-00161129,4.778397296582154
IA-2015-7-00161131,4.9179303626310205
IA-2015-7-00161142,4.663516062178456
IA-2015-7-00161150,4.570578660612021
IA-2015-7-00161170,4.471592640690593
IA-2015-7-00161172,4.163615375489716
IA-2015-7-00161179,4.705724117624257
IA-2015-7-00161186,4.363951939491448
IA-2015-7-00161192,4.186468364019403
IA-2015-7-00161198,4.885731528287872
IA-2015-7-00161210,5.074685659395676
IA-2015-7-00161226,4.590497412271434
IA-2015-7-00161235,4.538611538349224
IA-2015-7-00170010,4.755601960637821
IA-2015-7-00170037,5.017028456970849
IA-2015-7-00170045,4.916976292027946
IA-2015-7-00170062,5.115708785183608
IA-2015-7-00170065,5.066215508394767
IA-2015-7-00170066,5.096558929523158
IA-2015-7-00170067,4.9519790031261275
IA-2015-7-00170086,4.824492665693804
IA-2015-7-00170103,4.741751253091173
IA-2015-7-00170125,4.8820962224359095
IA-2015-7-00170146,4.950137049353791
IA-2015-7-00170150,5.0729123695543334
IA-2015-7-00170162,5.124989531585734
IA-2015-7-00170168,5.189687807493589
IA-2015-7-00170180,5.077815473507351
IA-2015-7-00170182,4.915152608302807
IA-2015-7-00170184,4.839016430817122
IA-2015-7-00170191,5.194253398116206
IA-2015-7-00170225,5.100804132532201
IA-2015-7-00170226,4.942849717700709
IA-2015-7-00170232,5.078233760300447
IA-2015-7-00170236,4.79288844224993
IA-2015-7-00170256,4.977661164371763
IA-2015-7-00170260,5.01829960351625
IA-2015-7-00170269,5.136565786385847
IA-2015-7-00170274,4.875294398524487
IA-2015-7-00170346,5.163691690642978
IA-2015-7-00170349,4.639349533564348
IA-2015-7-00170354,4.88343321832521
IA-2015-7-00170382,5.218267405656973
IA-2015-7-00170390,5.015758481308629
IA-2015-7-00170412,5.2785592379076585
IA-2015-7-00170415,4.9705716888450615
IA-2015-7-00170450,5.2075608603826415
IA-2015-7-00170473,4.8139965687010635
IA-2015-7-00170482,4.951110260949478
IA-2015-7-00170489,5.067557116069655
IA-2015-7-00170492,5.086686618512558
IA-2015-7-00170502,5.002736483607525
IA-2015-7-00170522,5.035170137072332
IA-2015-7-00170530,4.91539137203993
IA-2015-7-00170540,4.960646291058395
IA-2015-7-00170561,4.988762728111774
IA-2015-7-00170562,4.944443967970593
IA-2015-7-00170566,4.942661852517687
IA-2015-7-00170575,5.0887641823720235
IA-2015-7-00170586,5.163123324717424
IA-2015-7-00170594,4.9648182060030175
IA-2015-7-00170621,4.923830824488033
IA-2015-7-00170622,4.824403227500745
IA-2015-7-00170629,4.897846021181208
IA-2015-7-00180027,4.953999781128061
IA-2015-7-00180030,5.1600960318950975
IA-2015-7-00180138,4.802140374392982
IA-2015-7-00190019,3.761238180750676
IA-2015-7-00190023,3.199444060015305
IA-2015-7-00190024,3.713456083205403
IA-2015-7-00190031,3.610680505678593
IA-2015-7-00190042,4.342389018132096
IA-2015-7-00190060,4.17890621169504
IA-2015-7-00190065,3.1701624712067997
IA-2015-7-00190088,3.6470864601414577
IA-2015-7-00190104,3.4817994079679573
IA-2015-7-00190120,3.3034173567597844
IA-2015-7-00190138,4.707848115825401
IA-2015-7-00190141,3.759027340540151
IA-2015-7-00190155,3.9424883268516884
IA-2015-7-00190157,4.0270782142974415
IA-2015-7-00190161,3.4709730196459128
IA-2015-7-00190202,4.920926876496951
IA-2015-7-00190209,3.6106500805826127
IA-2015-7-00190220,4.906592195887708
IA-2015-7-00190222,4.886194222994382
IA-2015-7-00190231,3.428730211242471
IA-2015-7-00190233,4.193395553843606
IA-2015-7-00190239,3.871822850806279
IA-2015-7-00190247,3.406113407661272
IA-2015-7-00190270,3.1459833100658643
IA-2015-7-00190277,4.245853354553516
IA-2015-7-00190292,4.891816405409688
IA-2015-7-00190295,3.3486581777152424
IA-2015-7-00190300,4.880742506533409
IA-2015-7-00190301,3.492408070129257
IA-2015-7-00190303,3.2600507875916223
IA-2015-7-00190306,3.3846054924207523
IA-2015-7-00190326,4.1603323710405355
IA-2015-7-00190333,3.8097785083940807
IA-2015-7-00190337,3.36802443644403
IA-2015-7-00190344,4.277720978681339
IA-2015-7-00190346,4.482118288480596
IA-2015-7-00190363,3.845745524883997
IA-2015-7-00190367,3.4993535474729716
IA-2015-7-00190370,4.978757073787973
IA-2015-7-00190372,3.4795399968148932
IA-2015-7-00190377,4.66922223076363
IA-2015-7-00190380,3.3144858699109183
IA-2015-7-00190382,3.599726682638249
IA-2015-7-00190387,4.640446802966851
IA-2015-7-00190393,3.1142674868164097
IA-2015-7-00190395,4.752734545507355
IA-2015-7-00190406,4.1745621907008506
IA-2015-7-00190410,3.713449000730487
IA-2015-7-00190412,4.855538754343971
IA-2015-7-00190415,3.6278631020319847
IA-2015-7-00190428,3.4898739816982514
IA-2015-7-00190429,4.169467089174423
IA-2015-7-00190436,3.6716150778451273
IA-2015-7-00190443,3.4864363554330837
IA-2015-7-00190444,4.063769423410392
IA-2015-7-00190461,4.745804485579933
IA-2015-7-00190481,4.7879702708551335
IA-2015-7-00190494,3.9293110746076345
IA-2015-7-00190501,4.630551910605636
IA-2015-7-00190506,4.431852422954586
IA-2015-7-00190515,3.3931423864595467
IA-2015-7-00190517,3.1665090897557655
IA-2015-7-00190520,3.5194323967163528
IA-2015-7-00190550,3.4274967463114003
IA-2015-7-00190554,3.9378460901428753
IA-2015-7-00190561,3.4280488568033936
IA-2015-7-00190566,3.2409910898919834
IA-2015-7-00190588,3.635446087694094
IA-2015-7-00190598,4.87427726284116
IA-2015-7-00190628,4.559554824216022
IA-2015-7-00190632,4.810814550267942
IA-2015-7-00190649,4.259013670603531
IA-2015-7-00190656,3.200681401540255
IA-2015-7-00190663,3.2263122295056967
IA-2015-7-00190664,4.693545843102957
IA-2015-7-00190666,4.117519954445251
IA-2015-7-00190668,3.399472723185147
IA-2015-7-00190676,3.3658903942173866
IA-2015-7-00190712,4.971485454660463
IA-2015-7-00190723,4.013519582945287
IA-2015-7-00190724,3.465132833324184
IA-2015-7-00190736,3.7127814766886886
IA-2015-7-00190737,4.865752057104574
IA-2015-7-00190738,3.3420721973189633
IA-2015-7-00190755,3.4492220754987692
IA-2015-7-00190757,3.908427539432856
IA-2015-7-00190759,4.271480637135735
IA-2015-7-00190770,3.5858851531601776
IA-2015-7-00190771,4.193870784736195
IA-2015-7-00190781,3.4810020795035084
IA-2015-7-00190785,3.44507946705293
IA-2015-7-00190813,3.258078190844531
IA-2015-7-00190821,3.8443010800203177
IA-2015-7-00190848,3.220751614794781
IA-2015-7-00190853,3.4082024245613405
IA-2015-7-00190855,4.929058026165681
IA-2015-7-00190863,4.753722107709454
IA-2015-7-00190864,3.4042960227412746
IA-2015-7-00190879,3.5950733000170154
IA-2015-7-00190894,4.4309778445864705
IA-2015-7-00190908,5.030033240655277
IA-2015-7-00190911,3.1870309040763662
IA-2015-7-00190912,3.476410502331865
IA-2015-7-00190918,3.8921940067700214
IA-2015-7-00190928,4.712372554459561
IA-2015-7-00190934,4.1831126573510335
IA-2015-7-00190959,4.783786535371382
IA-2015-7-00190960,3.6071433990346233
IA-2015-7-00190969,4.699834821356582
IA-2015-7-00190979,3.8600332642384996
IA-2015-7-00190983,3.353500744625983
IA-2015-7-00191019,4.557369392472083
IA-2015-7-00191024,3.547215198644601
IA-2015-7-00191032,3.1305281393665347
IA-2015-7-00191040,3.585087642213477
IA-2015-7-00191060,3.348458243638776
IA-2015-7-00191073,3.4945099684128835
IA-2015-7-00191080,4.864197444048635
IA-2015-7-00191086,4.083056188757501
IA-2015-7-00191088,3.4295840106087447
IA-2015-7-00191097,4.348296101938001
IA-2015-7-00191100,3.7172190594096706
IA-2015-7-00191115,3.6540149544312617
IA-2015-7-00191123,4.662068763146619
IA-2015-7-00191134,3.524630750774737
IA-2015-7-00191144,4.064109290238935
IA-2015-7-00191145,4.384469986328613
IA-2015-7-00191155,3.4880156265289846
IA-2015-7-00191161,4.654585498104678
IA-2015-7-00191164,4.273467988687107
IA-2015-7-00191165,3.846167856734134
IA-2015-7-00191167,3.573318957388939
IA-2015-7-00191187,3.995273736770534
IA-2015-7-00191200,3.376292325061787
IA-2015-7-00191225,3.9899520548867256
IA-2015-7-00191232,4.352332240224047
IA-2015-7-00191244,3.3176860126779713
IA-2015-7-00191251,3.169235738411864
IA-2015-7-00191255,4.102441077532605
IA-2015-7-00191256,3.9341669165066198
IA-2015-7-00191294,4.391744845617934
IA-2015-7-00191299,4.150884897974368
IA-2015-7-00191302,3.751399946967411
IA-2015-7-00191304,4.19132154756762
IA-2015-7-00191305,4.294088710022907
IA-2015-7-00191313,3.4880099005486387
IA-2015-7-00191319,3.058096346898982
IA-2015-7-00191340,4.724300326207381
IA-2015-7-00191345,3.611499504899712
IA-2015-7-00191355,3.5620911116378857
IA-2015-7-00191365,3.6710144354633365
IA-2015-7-00191371,4.696888114255476
IA-2015-7-00191373,4.035520508106824
IA-2015-7-00191378,3.6945779357570836
IA-2015-7-00191410,3.5417011061794796
IA-2015-7-00191411,3.5536617529620043
IA-2015-7-00191415,4.5650260273213625
IA-2015-7-00191427,3.2569654659325953
IA-2015-7-00191458,3.5644047448105707
IA-2015-7-00191467,4.8115960326915985
IA-2015-7-00191476,3.594990009704692
IA-2015-7-00191478,4.648465657751645
IA-2015-7-00191484,4.737271133557444
IA-2015-7-00191487,3.9074724194261035
IA-2015-7-00191492,4.9179566939856905
IA-2015-7-00191505,4.528809751517004
IA-2015-7-00191508,3.5886259890828147
IA-2015-7-00191518,3.3646335571970316
IA-2015-7-00191529,4.672852595258579
IA-2015-7-00191535,3.322816717294794
IA-2015-7-00191541,3.298281454378458
IA-2015-7-00191549,3.866027614840491
IA-2015-7-00191560,3.8762624914616066
IA-2015-7-00191566,3.4407614295792883
IA-2015-7-00191572,3.7923675260906777
IA-2015-7-00191573,3.39558008515793
IA-2015-7-00191579,4.7690558446965685
IA-2015-7-00191585,3.2885527167092428
IA-2015-7-00191599,3.609237748446042
IA-2015-7-00191618,3.4785498032930318
IA-2015-7-00191620,3.1351951410375176
IA-2015-7-00191646,3.5659930220037954
IA-2015-7-00191648,4.470217319975474
IA-2015-7-00191671,4.747250680231538
IA-2015-7-00191690,4.743549240685523
IA-2015-7-00191701,4.173592835865568
IA-2015-7-00191705,3.537391910944573
IA-2015-7-00191709,3.248055602003593
IA-2015-7-00191715,3.469120752250444
IA-2015-7-00191722,3.44703187355235
IA-2015-7-00191728,4.423103970567624
IA-2015-7-00191735,3.4560659194873105
IA-2015-7-00191760,4.036172103382832
IA-2015-7-00191783,3.2087663330734473
IA-2015-7-00191788,4.224493611747308
IA-2015-7-00191840,4.681899291113961
IA-2015-7-00191868,3.2702196537162007
IA-2015-7-00191891,3.6135743678104437
IA-2015-7-00191904,3.1850995279301864
IA-2015-7-00191934,4.5411522583921275
IA-2015-7-00191957,3.169307402803066
IA-2015-7-00191959,4.675832642051301
IA-2015-7-00191968,4.36187638287867
IA-2015-7-00191986,4.360156856235729
IA-2015-7-00191994,3.6227829367293176
IA-2015-7-00192000,4.747145666172951
IA-2015-7-00192004,3.5262042959060573
IA-2015-7-00192005,4.289974217413537
IA-2015-7-00192018,3.8521109806756066
IA-2015-7-00192021,3.636244673095821
IA-2015-7-00192025,3.682242024521138
IA-2015-7-00192028,3.352970597852288
IA-2015-7-00192029,3.3798353967342067
IA-2015-7-00192032,3.192723164497283
IA-2015-7-00192044,3.491453729782942
IA-2015-7-00192067,3.622415868510459
IA-2015-7-00192068,4.234894852197776
IA-2015-7-00192075,3.125390697274684
IA-2015-7-00192102,3.8162509337953243
IA-2015-7-00192106,3.6049792487331076
IA-2015-7-00192110,3.4897830210227974
IA-2015-7-00192111,3.3907189456162556
IA-2015-7-00192117,4.686241740076971
IA-2015-7-00192126,3.283980013430775
IA-2015-7-00192132,3.6275180905376136
IA-2015-7-00192142,4.376355806193731
IA-2015-7-00192148,3.672083810465742
IA-2015-7-00192171,3.2406583662890385
IA-2015-7-00192178,3.000932173097047
IA-2015-7-00192181,3.3053047335392276
IA-2015-7-00192192,3.5007296231419134
IA-2015-7-00192198,4.325785155194012
IA-2015-7-00192200,3.102988634528931
IA-2015-7-00192201,3.7885739880382343
IA-2015-7-00192215,3.3733369758089222
IA-2015-7-00192220,3.9563560821353385
IA-2015-7-00192228,3.4153048129609656
IA-2015-7-00192241,4.0518435884764035
IA-2015-7-00192246,3.025039852712798
IA-2015-7-00192249,4.837486295114964
IA-2015-7-00192274,4.138330097882216
IA-2015-7-00192288,4.626208420512288
IA-2015-7-00192301,3.6717086677089914
IA-2015-7-00192303,3.843782245934174
IA-2015-7-00192307,3.2018497642499537
IA-2015-7-00192310,4.560428850132267
IA-2015-7-00192343,3.7481915571759807
IA-2015-7-00192351,3.1549765382878303
IA-2015-7-00192355,3.7477076743015805
IA-2015-7-00192363,4.7617831212864274
IA-2015-7-00192386,3.542286290542038
IA-2015-7-00192400,4.70963493543012
IA-2015-7-00192417,3.4660439378745527
IA-2015-7-00192444,4.678430702710232
IA-2015-7-00192448,3.3377433473992437
IA-2015-7-00192453,3.123371800637351
IA-2015-7-00192469,3.922653447137199
IA-2015-7-00192483,3.6966166725388914
IA-2015-7-00192489,3.709915004331276
IA-2015-7-00192491,3.3597054201601986
IA-2015-7-00192500,3.6604863130983074
IA-2015-7-00192503,3.5992294797043383
IA-2015-7-00200016,3.693726596175853
IA-2015-7-00200022,4.214035062221271
IA-2015-7-00200055,4.939188997092449
IA-2015-7-00200056,4.118893044885002
IA-2015-7-00200060,4.978497872166503
IA-2015-7-00200061,3.58620051326997
IA-2015-7-00200097,4.905465509242761
IA-2015-7-00200100,4.443576924108436
IA-2015-7-00200101,4.235061046981313
IA-2015-7-00200120,4.876326663140542
IA-2015-7-00200163,4.438531661541544
IA-2015-7-00200176,4.997496318045409
IA-2015-7-00200195,3.4293843764881955
IA-2015-7-00200225,5.244433304498159
IA-2015-7-00200232,4.036029560574688
IA-2015-7-00200250,5.002578474327359
IA-2015-7-00200252,4.855951862365696
IA-2015-7-00200298,4.870819365938425
IA-2015-7-00200308,3.9950952395994643
IA-2015-7-00200310,4.182954635577008
IA-2015-7-00200318,4.257517201063596
IA-2015-7-00200343,3.6177012152182253
IA-2015-7-00200344,5.106568948757621
IA-2015-7-00200347,4.427993463325064
IA-2015-7-00200370,4.213439882639856
IA-2015-7-00200390,4.244052871796342
IA-2015-7-00200394,4.175217406386542
IA-2015-7-00200438,4.3083793349544734
IA-2015-7-00200444,4.560415292332317
IA-2015-7-00200449,5.0467692005075016
IA-2015-7-00200456,4.614413483244004
IA-2015-7-00200461,5.242618641283533
IA-2015-7-00200464,3.436759243241981
IA-2015-7-00200465,4.3468143943153965
IA-2015-7-00200466,4.815224400206292
IA-2015-7-00200469,4.117271757847446
IA-2015-7-00200483,4.057960962889222
IA-2015-7-00200491,4.398859533431482
IA-2015-7-00200513,3.8524808568251543
IA-2015-7-00200515,3.5106315183826537
IA-2015-7-00200516,4.996831390980704
IA-2015-7-00200533,4.576825186799141
IA-2015-7-00200537,4.413491029104165
IA-2015-7-00200559,4.9080608570055
IA-2015-7-00200588,4.074743195112108
IA-2015-7-00200592,5.25373957954819
IA-2015-7-00200611,5.005560842285551
IA-2015-7-00200638,4.6342126423512955
IA-2015-7-00200639,3.799253698686879
IA-2015-7-00200640,5.067417260376363
IA-2015-7-00200647,4.278638844175957
IA-2015-7-00200650,4.956646185330623
IA-2015-7-00200653,3.7123177242543934
IA-2015-7-00200661,3.8629861405842685
IA-2015-7-00200665,5.127015007087756
IA-2015-7-00200675,3.8203888662745977
IA-2015-7-00200730,4.097652552903568
IA-2015-7-00200737,5.050513106396615
IA-2015-7-00200739,4.691360101638711
IA-2015-7-00200749,4.367302114758301
IA-2015-7-00200758,5.026043184163006
IA-2015-7-00200769,4.447416616494088
IA-2015-7-00200772,4.949371653107251
IA-2015-7-00200789,5.141999625697116
IA-2015-7-00200792,4.703979940072999
IA-2015-7-00200796,5.111054905007887
IA-2015-7-00200811,4.072864808808276
IA-2015-7-00200814,3.785124744066161
IA-2015-7-00200826,5.055502043535505
IA-2015-7-00200831,4.987145457691957
IA-2015-7-00200848,3.8339666812836053
IA-2015-7-00200855,5.283534389076836
IA-2015-7-00200863,3.7893639469328995
IA-2015-7-00200864,4.1297470265554
IA-2015-7-00200905,4.834473192628753
IA-2015-7-00200910,3.7230384550652764
IA-2015-7-00200927,5.244071110209905
IA-2015-7-00200934,4.473986987778712
IA-2015-7-00200944,4.537359712592936
IA-2015-7-00200948,3.9845244179931227
IA-2015-7-00200967,4.431056302345706
IA-2015-7-00201013,4.062388076863655
IA-2015-7-00201014,4.846859847999463
IA-2015-7-00201015,4.655024239113468
IA-2015-7-00201028,4.461474708576686
IA-2015-7-00201046,4.515865248416027
IA-2015-7-00201048,4.103557763144451
IA-2015-7-00201049,5.011532891584482
IA-2015-7-00201065,3.6121870651762715
IA-2015-7-00201066,4.953653739199414
IA-2015-7-00201078,4.208074525861029
IA-2015-7-00201082,3.996701565168585
IA-2015-7-00201083,4.022636211498634
IA-2015-7-00201091,5.185194267214115
IA-2015-7-00201097,3.2191708370570793
IA-2015-7-00201110,4.027440290545089
IA-2015-7-00201141,3.59296671257052
IA-2015-7-00201147,4.458405654807599
IA-2015-7-00201151,4.890174124078889
IA-2015-7-00201178,4.748240712679387
IA-2015-7-00201183,4.9264423608475525
IA-2015-7-00201186,4.7983869686838325
IA-2015-7-00201202,4.581857277487632
IA-2015-7-00201211,3.3434979288621984
IA-2015-7-00201212,3.9405591871919543
IA-2015-7-00201215,3.8232662237623596
IA-2015-7-00201219,4.766711921336393
IA-2015-7-00201229,4.901767027087772
IA-2015-7-00201240,4.888662951637979
IA-2015-7-00201266,4.547757386562095
IA-2015-7-00201269,4.938152056608384
IA-2015-7-00201293,3.761100165684867
IA-2015-7-00201295,4.153135974501344
IA-2015-7-00201306,4.504253585093183
IA-2015-7-00201315,4.167797179306039
IA-2015-7-00201377,3.800727507772279
IA-2015-7-00201380,3.8983155696339717
IA-2015-7-00201386,4.036192686999589
IA-2015-7-00201403,3.8897790447320975
IA-2015-7-00201419,4.308985248576274
IA-2015-7-00201422,5.038295829832256
IA-2015-7-00201424,4.710819753486414
IA-2015-7-00201428,4.920398292743535
IA-2015-7-00201444,4.798439660893424
IA-2015-7-00201445,4.461617851434301
IA-2015-7-00210013,3.776250978106552
IA-2015-7-00210038,3.9952507146898317
IA-2015-7-00210048,3.4888727538543933
IA-2015-7-00210055,3.7597070656600704
IA-2015-7-00210081,4.4508958384424115
IA-2015-7-00210106,3.7541744073383403
IA-2015-7-00210145,3.4008277428809532
IA-2015-7-00210155,4.003178163507311
IA-2015-7-00210157,3.3586029282475836
IA-2015-7-00210177,2.8958858316120524
IA-2015-7-00210194,3.6373469548018975
IA-2015-7-00210212,3.8623444941643688
IA-2015-7-00210229,3.0783442503142386
IA-2015-7-00210230,2.886382192700577
IA-2015-7-00210231,3.9008427289109897
IA-2015-7-00210305,3.3292365596001283
IA-2015-7-00210307,3.56108614447774
IA-2015-7-00210312,3.258073600125727
IA-2015-7-00210326,3.5759508348549827
IA-2015-7-00210340,3.7698631568372023
IA-2015-7-00210343,3.848519896023627
IA-2015-7-00210368,3.4538917987466697
IA-2015-7-00210374,3.2526331656613654
IA-2015-7-00210401,3.912727506975886
IA-2015-7-00210402,3.275618488540099
IA-2015-7-00210415,3.3401897334892685
IA-2015-7-00210418,3.3381906807099555
IA-2015-7-00210428,3.2923581720344814
IA-2015-7-00210474,2.7682600140703024
IA-2015-7-00210485,4.216072684365386
IA-2015-7-00210524,3.105444239035054
IA-2015-7-00210527,3.282319534272697
IA-2015-7-00210562,3.6322248976284546
IA-2015-7-00210564,4.2267231330926585
IA-2015-7-00210569,3.07526070796345
IA-2015-7-00210576,3.0055501972362593
IA-2015-7-00210578,3.5664889073056174
IA-2015-7-00210601,2.979840194842629
IA-2015-7-00210627,3.920792414180623
IA-2015-7-00210649,2.73286617260796
IA-2015-7-00210655,3.6188277552366643
IA-2015-7-00220014,4.336042122120991
IA-2015-7-00220022,4.254849072778543
IA-2015-7-00220032,4.146668834838226
IA-2015-7-00220055,3.8260193497228654
IA-2015-7-00220056,4.242194754410865
IA-2015-7-00220059,3.890677969377541
IA-2015-7-00220061,4.38492044523018
IA-2015-7-00220081,4.423326993129165
IA-2015-7-00220082,3.781941981216616
IA-2015-7-00220102,3.406754147746425
IA-2015-7-00220134,4.490582678402762
IA-2015-7-00220160,3.9200337726098384
IA-2015-7-00220173,3.506581317416635
IA-2015-7-00220178,4.452936395428588
IA-2015-7-00220205,3.992705851914729
IA-2015-7-00220222,3.812571947078747
IA-2015-7-00220238,3.7565588387727677
IA-2015-7-00220255,3.9519337343734895
IA-2015-7-00220261,4.513646579601272
IA-2015-7-00220265,4.002903410130311
IA-2015-7-00220266,3.1078721240130216
IA-2015-7-00220298,3.739007811387725
IA-2015-7-00220319,4.123463378427492
IA-2015-7-00220371,4.446536691746732
IA-2015-7-00220384,4.317811828388435
IA-2015-7-00220400,4.153306798471175
IA-2015-7-00220401,3.7953793047661657
IA-2015-7-00220407,3.619496280352071
IA-2015-7-00220421,3.8688396699078007
IA-2015-7-00220437,4.17468639749639
IA-2015-7-00230011,4.435579563914359
IA-2015-7-00230064,4.291732306776165
IA-2015-7-00230081,4.284826859214002
IA-2015-7-00230099,4.478361613517967
IA-2015-7-00230100,4.228320953801488
IA-2015-7-00230125,4.310236516976278
IA-2015-7-00230130,4.440564147720858
IA-2015-7-00230132,4.326890099968365
IA-2015-7-00230142,4.361542519565921
IA-2015-7-00230147,4.379680204186416
IA-2015-7-00230153,4.279302859766004
IA-2015-7-00230155,4.348532927552197
IA-2015-7-00230191,3.8053523968912533
IA-2015-7-00230194,4.499688098242299
IA-2015-7-00230215,4.61783927691042
IA-2015-7-00230227,4.212009192088232
IA-2015-7-00230250,4.465379115511984
IA-2015-7-00230251,4.482631936161097
IA-2015-7-00230256,4.083317454116548
IA-2015-7-00230260,3.1646486477406075
IA-2015-7-00230271,4.331875378498964
IA-2015-7-00230280,3.8193529084931512
IA-2015-7-00230294,4.398539330230868
IA-2015-7-00230298,4.1250719068910335
IA-2015-7-00230322,4.33201170148744
IA-2015-7-00230344,4.542262869361727
IA-2015-7-00230362,4.256321093322873
IA-2015-7-00230414,4.502585173258973
IA-2015-7-00230442,4.232111156976714
IA-2015-7-00230443,3.9665181608621936
IA-2015-7-00230470,4.074867426027318
IA-2015-7-00230492,4.506007200503909
IA-2015-7-00230522,4.310577669006934
IA-2015-7-00230523,4.35366751077941
IA-2015-7-00230531,4.298024764765863
IA-2015-7-00230551,4.158861298989004
IA-2015-7-00230560,3.298686232874976
IA-2015-7-00230572,4.5905651507908
IA-2015-7-00230574,3.891683448946951
IA-2015-7-00230585,4.589997906713368
IA-2015-7-00230590,4.0180701321288925
IA-2015-7-00230602,4.310319866736814
IA-2015-7-00230614,4.585047913012573
IA-2015-7-00230639,4.251922300691874
IA-2015-7-00230651,4.300736851149177
IA-2015-7-00230653,4.174572746225035
IA-2015-7-00240005,3.9068077331411937
IA-2015-7-00240013,3.859796402168473
IA-2015-7-00240019,3.7022112427059897
IA-2015-7-00240032,3.8312123903950566
IA-2015-7-00240046,3.9180131051614717
IA-2015-7-00240049,3.9491918144234246
IA-2015-7-00240068,4.164698754958139
IA-2015-7-00240090,3.1814875362931874
IA-2015-7-00240107,3.0603292887854083
IA-2015-7-00240131,4.289558154551627
IA-2015-7-00240145,3.3943302297332787
IA-2015-7-00240153,4.307220616065686
IA-2015-7-00240159,3.7589756102034224
IA-2015-7-00240160,4.1466770782618765
IA-2015-7-00240164,4.199589220207648
IA-2015-7-00240178,3.6712114019848494
IA-2015-7-00240191,3.4818267688128524
IA-2015-7-00240200,4.207015442811444
IA-2015-7-00240224,4.061503095941547
IA-2015-7-00240228,4.1102253676720695
IA-2015-7-00240229,4.200781375049593
IA-2015-7-00240237,3.349054969638961
IA-2015-7-00240246,4.323659860052898
IA-2015-7-00240258,4.322793196215112
IA-2015-7-00240261,3.6277580107312604
IA-2015-7-00240272,3.631714996408829
IA-2015-7-00240274,4.242359243160423
IA-2015-7-00240290,3.6617104001601257
IA-2015-7-00240301,3.2088285589501675
IA-2015-7-00240321,3.4052575993514127
IA-2015-7-00240345,3.373951023850208
IA-2015-7-00240357,2.9064112367365
IA-2015-7-00240376,3.6064535049486084
IA-2015-7-00240390,3.300352664064957
IA-2015-7-00240400,3.7839238033541784
IA-2015-7-00240412,4.310328005957516
IA-2015-7-00240426,4.123349747660563
IA-2015-7-00240443,4.196555557966501
IA-2015-7-00240460,4.492858098037519
IA-2015-7-00240470,3.355827944214796
IA-2015-7-00240519,3.109568343105118
IA-2015-7-00240530,3.349772995816658
IA-2015-7-00240542,3.8241552079568466
IA-2015-7-00240558,3.5530317294508125
IA-2015-7-00240568,4.146115975518916
IA-2015-7-00240604,3.8324267148955
IA-2015-7-00240620,2.9476004584614985
IA-2015-7-00240626,3.5926047708544475
IA-2015-7-00240644,3.6742376598185773
IA-2015-7-00250002,4.871162949784717
IA-2015-7-00250010,4.657917484666596
IA-2015-7-00250011,4.855089261115001
IA-2015-7-00250097,4.597404160695309
IA-2015-7-00250124,4.846800748295639
IA-2015-7-00250125,5.068342052257723
IA-2015-7-00250128,4.725929773369879
IA-2015-7-00250134,4.800851848153879
IA-2015-7-00250152,5.017482449389892
IA-2015-7-00250153,4.89101711698436
IA-2015-7-00250180,4.4439771342280245
IA-2015-7-00250188,4.828392120256208
IA-2015-7-00250195,4.77614426978189
IA-2015-7-00250218,4.682402305240158
IA-2015-7-00250232,4.6171822145049735
IA-2015-7-00250250,4.8229373078488464
IA-2015-7-00250265,4.806240790405939
IA-2015-7-00250332,4.842263643008115
IA-2015-7-00250334,4.610559897115918
IA-2015-7-00250335,4.733452811305309
IA-2015-7-00250342,4.882851927535183
IA-2015-7-00250346,4.822850024760072
IA-2015-7-00250348,4.927167906344577
IA-2015-7-00250353,4.861517636326523
IA-2015-7-00250354,4.878868837295098
IA-2015-7-00250361,4.993763784981088
IA-2015-7-00250367,4.879032536245257
IA-2015-7-00250378,4.858234637219228
IA-2015-7-00250396,4.827773597636229
IA-2015-7-00250411,4.953820536917817
IA-2015-7-00250431,4.83850985352449
IA-2015-7-00250442,4.865239256430719
IA-2015-7-00260002,4.757058449321561
IA-2015-7-00260007,4.711345912020199
IA-2015-7-00260013,3.858601215616331
IA-2015-7-00260037,3.1996754387352935
IA-2015-7-00260044,3.6226002016266987
IA-2015-7-00260068,3.6168950266657296
IA-2015-7-00260076,3.1626259299822506
IA-2015-7-00260082,3.1137977888280934
IA-2015-7-00260086,3.6552518707847197
IA-2015-7-00260088,3.6018075269229035
IA-2015-7-00260110,3.5576963472161074
IA-2015-7-00260118,3.1596344895592834
IA-2015-7-00260123,2.8440902445760576
IA-2015-7-00260153,3.097835582099129
IA-2015-7-00260154,3.5583512916543247
IA-2015-7-00260155,3.7841314834961848
IA-2015-7-00260173,3.8804658148932054
IA-2015-7-00260179,3.7873283115882606
IA-2015-7-00260180,4.535941903362789
IA-2015-7-00260198,4.2413251282287545
IA-2015-7-00260202,3.064932953141887
IA-2015-7-00260206,3.4174461682931456
IA-2015-7-00260215,3.289392969227843
IA-2015-7-00260226,3.2823834775454612
IA-2015-7-00260229,3.713552768117764
IA-2015-7-00260244,3.0601759218384634
IA-2015-7-00260245,3.2831299590601217
IA-2015-7-00260257,3.1019221473801926
IA-2015-7-00260259,3.325106893324885
IA-2015-7-00260276,4.1110719626650605
IA-2015-7-00260280,3.1710310024899
IA-2015-7-00260282,3.306571176563092
IA-2015-7-00260323,3.0391336197281786
IA-2015-7-00260334,3.418051121979121
IA-2015-7-00260335,3.116111514568643
IA-2015-7-00260345,3.351390192423348
IA-2015-7-00260367,3.157800669701113
IA-2015-7-00260393,3.3759774417389563
IA-2015-7-00260394,4.142061279012316
IA-2015-7-00260397,3.654781551281075
IA-2015-7-00260401,3.5905825413490033
IA-2015-7-00260420,3.8904492481758224
IA-2015-7-00260432,3.3996968493685698
IA-2015-7-00260440,3.2596191926146814
IA-2015-7-00260462,3.6061131374571245
IA-2015-7-00260466,4.665727443854226
IA-2015-7-00260472,3.8082650546764603
IA-2015-7-00260478,3.9580592987766705
IA-2015-7-00260505,4.1401526519667895
IA-2015-7-00260507,3.117483621417164
IA-2015-7-00260511,3.53320640535098
IA-2015-7-00260513,3.3486952229528084
IA-2015-7-00260517,3.3709179527892763
IA-2015-7-00260520,4.288539740292143
IA-2015-7-00260523,4.175672854901598
IA-2015-7-00260541,3.5606876533002554
IA-2015-7-00260544,3.1655310610497365
IA-2015-7-00260548,3.4014318779249093
IA-2015-7-00260566,3.833984082978872
IA-2015-7-00260567,3.1673438384057837
IA-2015-7-00260588,3.8113833641126638
IA-2015-7-00260592,3.529241969981906
IA-2015-7-00260604,4.597323009683033
IA-2015-7-00260620,3.0357688743974824
IA-2015-7-00260640,3.5048222500096484
IA-2015-7-00260665,3.9102630862450125
IA-2015-7-00260684,3.420406954787466
IA-2015-7-00260687,3.022628728690676
IA-2015-7-00260724,3.553548465509663
IA-2015-7-00260725,3.0345593322005397
IA-2015-7-00260745,3.0858846977731202
IA-2015-7-00260752,3.5116365217803702
IA-2015-7-00260764,3.540555387922292
IA-2015-7-00260774,3.4444125437100324
IA-2015-7-00260793,3.4870215418081996
IA-2015-7-00260802,3.447521153824833
IA-2015-7-00260818,3.0596499531754544
IA-2015-7-00260834,3.1097614347680134
IA-2015-7-00260837,3.240614036960742
IA-2015-7-00260841,4.242522255365521
IA-2015-7-00260877,4.203869978488096
IA-2015-7-00260881,3.28566499574801
IA-2015-7-00260883,3.3143213910763363
IA-2015-7-00260891,4.173172677178363
IA-2015-7-00260908,3.163680699545959
IA-2015-7-00260910,3.879892823230853
IA-2015-7-00260924,3.7467388822290806
IA-2015-7-00260936,3.258669157298555
IA-2015-7-00260958,3.216287271249789
IA-2015-7-00260963,3.7030860345780487
IA-2015-7-00260994,3.1331115299930117
IA-2015-7-00261027,3.782619094545427
IA-2015-7-00261030,3.1701175758087166
IA-2015-7-00261035,4.070578737856535
IA-2015-7-00261051,3.2678971914098396
IA-2015-7-00261052,3.4487042026160664
IA-2015-7-00261070,4.1219837216369255
IA-2015-7-00261071,4.07790798525967
IA-2015-7-00261082,3.7988002217097785
IA-2015-7-00261125,3.4647421766675413
IA-2015-7-00261154,3.8163384353585377
IA-2015-7-00261159,3.2942318413102987
IA-2015-7-00261167,3.221974474690035
IA-2015-7-00261168,3.6398277136224193
IA-2015-7-00261173,3.0587600178503633
IA-2015-7-00261181,3.2502308087848766
IA-2015-7-00261184,3.5878083003627976
IA-2015-7-00261185,4.114107156459844
IA-2015-7-00261193,3.9536302910130905
IA-2015-7-00261206,3.0281477816390945
IA-2015-7-00261219,3.1687004520867523
IA-2015-7-00261221,3.4704071855324363
IA-2015-7-00261224,3.502386198635068
IA-2015-7-00261295,3.3796932574180465
IA-2015-7-00261304,3.276349998145835
IA-2015-7-00261320,3.6551775338271844
IA-2015-7-00261321,2.9587511401013726
IA-2015-7-00261337,3.4658812374328916
IA-2015-7-00261347,4.419118004991279
IA-2015-7-00261350,3.933549937410663
IA-2015-7-00261373,3.053425792154793
IA-2015-7-00261382,3.311451744103283
IA-2015-7-00261392,3.3263483281529735
IA-2015-7-00261407,2.997678602852708
IA-2015-7-00261412,3.626659608743412
IA-2015-7-00261428,3.302756377385303
IA-2015-7-00261443,3.7472696061422566
IA-2015-7-00261476,3.0889449356548573
IA-2015-7-00261480,3.6130925864746883
IA-2015-7-00261484,3.17164054709779
IA-2015-7-00261485,2.983258055668105
IA-2015-7-00261501,3.0978561985430835
IA-2015-7-00261506,4.430350817580002
IA-2015-7-00270004,4.998333097197927
IA-2015-7-00270020,5.135826577650816
IA-2015-7-00270021,4.700462261060734
IA-2015-7-00270034,4.391002581768534
IA-2015-7-00270056,4.185220343379944
IA-2015-7-00270081,4.880362104923579
IA-2015-7-00270093,4.672814497221294
IA-2015-7-00270118,5.193880331536777
IA-2015-7-00270122,4.0809604083116096
IA-2015-7-00270136,4.7010741566183345
IA-2015-7-00270137,5.173087476091927
IA-2015-7-00270218,5.083065891225692
IA-2015-7-00270222,4.914094169787974
IA-2015-7-00270225,4.614590441808138
IA-2015-7-00270233,5.353513098948396
IA-2015-7-00270240,4.72988447199687
IA-2015-7-00270253,5.165706892833443
IA-2015-7-00280005,4.3270449415711845
IA-2015-7-00280019,4.81521023617703
IA-2015-7-00280025,4.588902186037441
IA-2015-7-00280039,4.633280405765518
IA-2015-7-00280045,4.521812446228235
IA-2015-7-00280066,4.435531698914005
IA-2015-7-00280069,4.776056480487217
IA-2015-7-00280077,4.5943995184433355
IA-2015-7-00280094,4.809417516720856
IA-2015-7-00280106,4.514303228802092
IA-2015-7-00280107,4.717245512633404
IA-2015-7-00280122,4.36222953695043
IA-2015-7-00280141,4.1292174449838335
IA-2015-7-00280144,4.473942884999882
IA-2015-7-00280149,4.685428840722583
IA-2015-7-00280153,4.362735965405147
IA-2015-7-00280161,4.7901268735874005
IA-2015-7-00280165,4.790672688417683
IA-2015-7-00280170,4.783268033606483
IA-2015-7-00280179,4.09868158390028
IA-2015-7-00280187,4.415311096124338
IA-2015-7-00280210,4.611205698173894
IA-2015-7-00280231,3.9444571036818457
IA-2015-7-00280259,4.678240639301915
IA-2015-7-00280274,3.488952522764809
IA-2015-7-00280294,4.792329329813651
IA-2015-7-00280299,4.768605135673507
IA-2015-7-00280309,4.279286148725891
IA-2015-7-00280314,4.04457709041527
IA-2015-7-00280315,4.469342039317457
IA-2015-7-00280324,4.769391366373377
IA-2015-7-00280326,4.431197415350084
IA-2015-7-00280329,4.719680089092687
IA-2015-7-00280330,4.718136838240422
IA-2015-7-00280336,4.021451624383644
IA-2015-7-00280338,4.86867761752951
IA-2015-7-00280354,4.47938502232066
IA-2015-7-00280372,4.361615301488335
IA-2015-7-00280375,4.598716299822836
IA-2015-7-00280384,4.045820216492363
IA-2015-7-00280401,4.749369541800171
IA-2015-7-00280410,4.505187665777793
IA-2015-7-00280417,4.415112581640656
IA-2015-7-00280450,4.400641762771681
IA-2015-7-00280451,4.828272312517036
IA-2015-7-00280452,4.572446940568522
IA-2015-7-00280485,4.841108002566436
IA-2015-7-00280486,4.662722429914648
IA-2015-7-00280494,4.378197568775075
IA-2015-7-00280516,4.469210089949577
IA-2015-7-00280518,4.053641470281871
IA-2015-7-00280521,3.8852881774764545
IA-2015-7-00280523,4.223724494807815
IA-2015-7-00280529,4.571426776136654
IA-2015-7-00280545,4.434810759607146
IA-2015-7-00280579,4.603400044928058
IA-2015-7-00280600,4.441675002845496
IA-2015-7-00280625,3.987524477784444
IA-2015-7-00280656,4.4364100147884
IA-2015-7-00280663,4.656371153881651
IA-2015-7-00280664,4.722322838154064
IA-2015-7-00280672,4.757832406605768
IA-2015-7-00280674,4.455780443122109
IA-2015-7-00280680,4.622602440935655
IA-2015-7-00280696,4.727834402827451
IA-2015-7-00280704,4.531610240351096
IA-2015-7-00280708,3.986559559399009
IA-2015-7-00280709,4.7587188572980885
IA-2015-7-00280716,4.45994744680041
IA-2015-7-00280730,4.394162295519763
IA-2015-7-00280742,4.696107383943712
IA-2015-7-00280747,4.176703500599313
IA-2015-7-00280750,4.4638329827250445
IA-2015-7-00280751,4.595187528459547
IA-2015-7-00280762,4.6966926859408815
IA-2015-7-00280763,4.626619904073568
IA-2015-7-00280765,4.125479193664898
IA-2015-7-00280767,4.6214610535712275
IA-2015-7-00280772,4.77630783869736
IA-2015-7-00280788,4.265440804194121
IA-2015-7-00280796,3.9715235965015165
IA-2015-7-00280799,3.9081195729069127
IA-2015-7-00280817,4.326045356002435
IA-2015-7-00280823,4.293743015249181
IA-2015-7-00280839,4.329049684436008
IA-2015-7-00280844,4.65676626306902
IA-2015-7-00280859,4.498118201614435
IA-2015-7-00300001,4.5584332760590325
IA-2015-7-00300007,4.582478049791677
IA-2015-7-00300009,4.416360469886174
IA-2015-7-00300014,4.395674430077326
IA-2015-7-00300023,4.340919240925794
IA-2015-7-00300026,4.091139828737875
IA-2015-7-00300035,4.435827486172558
IA-2015-7-00300072,4.532347205706957
IA-2015-7-00300073,4.500954335597941
IA-2015-7-00300077,4.412825121746083
IA-2015-7-00300091,4.305295173973525
IA-2015-7-00300107,4.556279868317882
IA-2015-7-00300118,4.481388194370085
IA-2015-7-00300132,4.3864261016470305
IA-2015-7-00300139,4.56996232332917
IA-2015-7-00300146,4.519450040195439
IA-2015-7-00300147,4.317532089357199
IA-2015-7-00300148,4.592566072034677
IA-2015-7-00300179,4.353049498166461
IA-2015-7-00300209,4.49666975396241
IA-2015-7-00300212,4.578790108395479
IA-2015-7-00300227,4.576219653331632
IA-2015-7-00300236,4.517573544204803
IA-2015-7-00300244,4.594355396075235
IA-2015-7-00300257,4.372472955122932
IA-2015-7-00300282,4.4316031999492775
IA-2015-7-00300299,4.586508715104321
IA-2015-7-00300309,4.381529124547013
IA-2015-7-00300310,4.4497177583776075
IA-2015-7-00300313,4.429065181708824
IA-2015-7-00310001,4.1008612872234425
IA-2015-7-00310002,5.006559002471758
IA-2015-7-00310003,4.693856732326361
IA-2015-7-00310004,4.649057442225172
IA-2015-7-00310006,5.039279589371277
IA-2015-7-00310016,4.859432260404373
IA-2015-7-00310022,4.582622516291182
IA-2015-7-00310024,4.901806687500977
IA-2015-7-00310034,4.820125537012392
IA-2015-7-00310042,4.452187877878072
IA-2015-7-00310072,4.714313214261147
IA-2015-7-00310093,5.093210586626797
IA-2015-7-00310102,4.1931676550945385
IA-2015-7-00310106,4.483636947711145
IA-2015-7-00310111,4.383734116758036
IA-2015-7-00310116,4.121235505174629
IA-2015-7-00310131,4.189890379599068
IA-2015-7-00310143,4.926029945914661
IA-2015-7-00310160,4.056366991732248
IA-2015-7-00310197,4.048150174711069
IA-2015-7-00310215,5.013125418242038
IA-2015-7-00310221,4.528140210424355
IA-2015-7-00310227,4.448822243461408
IA-2015-7-00310229,5.04925338027746
IA-2015-7-00310231,4.463042518274507
IA-2015-7-00310234,4.988610738244021
IA-2015-7-00310252,4.449310663977529
IA-2015-7-00310256,4.925036944618001
IA-2015-7-00310258,4.313101647275357
IA-2015-7-00310259,4.4214927606383805
IA-2015-7-00310261,4.914953646994705
IA-2015-7-00310302,4.7980858372521
IA-2015-7-00310305,4.5512223875452635
IA-2015-7-00310308,5.131683024010003
IA-2015-7-00310310,4.270203726939383
IA-2015-7-00310318,4.056662722834372
IA-2015-7-00310319,4.800160110728155
IA-2015-7-00310320,4.626544462536782
IA-2015-7-00310340,4.370846076128594
IA-2015-7-00310347,4.489771575573504
IA-2015-7-00310362,4.337958222027262
IA-2015-7-00310363,4.269813239387614
IA-2015-7-00310370,4.661964783202483
IA-2015-7-00310375,4.825693938236147
IA-2015-7-00310377,3.2720780661836786
IA-2015-7-00310378,4.372774116023195
IA-2015-7-00310383,5.0286392563050955
IA-2015-7-00310401,5.131709784711242
IA-2015-7-00310405,3.9112630285624705
IA-2015-7-00310420,4.477674409093006
IA-2015-7-00310428,4.933968424614073
IA-2015-7-00310444,4.269423224040627
IA-2015-7-00310450,3.934579607580706
IA-2015-7-00310471,4.576263376485149
IA-2015-7-00310485,4.148272416432239
IA-2015-7-00310491,5.132289694872694
IA-2015-7-00310498,5.131039585077073
IA-2015-7-00310505,5.0152195827923025
IA-2015-7-00310530,4.630482051429625
IA-2015-7-00310534,4.172995787514833
IA-2015-7-00310544,4.996215606997375
IA-2015-7-00310553,5.0940480716430665
IA-2015-7-00310567,4.033934680269611
IA-2015-7-00310578,4.824555149985433
IA-2015-7-00310583,4.338390033284658
IA-2015-7-00310592,4.239568998666901
IA-2015-7-00310603,4.161717515970833
IA-2015-7-00310618,4.862296537647883
IA-2015-7-00310628,4.969324433613388
IA-2015-7-00310652,4.74745488014008
IA-2015-7-00310711,5.008106750854318
IA-2015-7-00310713,4.522560439149264
IA-2015-7-00310716,4.52018082903835
IA-2015-7-00310722,3.777445475049487
IA-2015-7-00310733,4.895613461891849
IA-2015-7-00310742,4.805217993344322
IA-2015-7-00310756,4.852267235474778
IA-2015-7-00310806,4.555852927311034
IA-2015-7-00310807,4.7571400563524415
IA-2015-7-00310812,4.162064773568589
IA-2015-7-00310827,4.592043999916272
IA-2015-7-00310838,4.182685327123967
IA-2015-7-00310847,4.124481188187354
IA-2015-7-00310848,4.423135934151294
IA-2015-7-00310849,3.9474394579531635
IA-2015-7-00310852,4.784261221402688
IA-2015-7-00310861,4.8337046005781525
IA-2015-7-00310862,4.086712612065178
IA-2015-7-00310886,4.5318038541363785
IA-2015-7-00310906,4.0959537222808295
IA-2015-7-00310912,4.726010642556873
IA-2015-7-00310925,4.440849889808473
IA-2015-7-00310939,4.32341639667952
IA-2015-7-00310941,4.129211152475738
IA-2015-7-00310944,4.247190226082165
IA-2015-7-00310955,4.496465771714303
IA-2015-7-00311006,4.859385361755181
IA-2015-7-00311008,4.859889034297503
IA-2015-7-00311010,5.077074590330121
IA-2015-7-00311017,5.036949666280479
IA-2015-7-00311024,4.102339957721559
IA-2015-7-00311025,4.364645796440571
IA-2015-7-00311026,4.120549410863217
IA-2015-7-00311048,4.85983408123773
IA-2015-7-00311066,4.609951811090235
IA-2015-7-00311076,4.163645736799318
IA-2015-7-00311099,4.181700838095964
IA-2015-7-00311109,4.910880787599564
IA-2015-7-00311120,4.059338493619284
IA-2015-7-00311130,4.577998728228601
IA-2015-7-00311132,4.656989797801214
IA-2015-7-00311134,4.620331518158548
IA-2015-7-00311140,4.989586034101888
IA-2015-7-00311162,4.224177513190722
IA-2015-7-00311173,4.4642673637555506
IA-2015-7-00311174,4.25606843115493
IA-2015-7-00311187,4.414504952985692
IA-2015-7-00311208,4.223068549679476
IA-2015-7-00311221,4.582159261931715
IA-2015-7-00311222,4.427065536663414
IA-2015-7-00311231,4.15106895920982
IA-2015-7-00311236,4.822452558627572
IA-2015-7-00311238,4.418186932123018
IA-2015-7-00311243,4.016965978861074
IA-2015-7-00311244,4.249033066902489
IA-2015-7-00311248,5.0876979860889024
IA-2015-7-00311298,5.000001374133537
IA-2015-7-00311308,4.651373100104764
IA-2015-7-00320010,3.424874736011841
IA-2015-7-00320022,3.3175283698052596
IA-2015-7-00320026,3.814505005770229
IA-2015-7-00320027,4.263423613843898
IA-2015-7-00320028,3.7491509220701964
IA-2015-7-00320070,4.045426013967084
IA-2015-7-00320078,4.535363012665631
IA-2015-7-00320087,3.8273932414074032
IA-2015-7-00320088,4.559827143210292
IA-2015-7-00320120,4.054576763047912
IA-2015-7-00320157,3.53604934009417
IA-2015-7-00320165,4.515999531111433
IA-2015-7-00320186,4.1628971511550645
IA-2015-7-00320187,3.5964596190746363
IA-2015-7-00320209,3.754190276719129
IA-2015-7-00320230,3.0409673856073844
IA-2015-7-00320235,3.992313980038091
IA-2015-7-00320251,3.6606245386136926
IA-2015-7-00320265,3.4207477742680474
IA-2015-7-00320267,3.293961464029948
IA-2015-7-00320285,3.3512497222930406
IA-2015-7-00320290,2.521060916255003
IA-2015-7-00320299,3.3130651698284446
IA-2015-7-00330097,3.959918812963962
IA-2015-7-00330114,2.8728140737216625
IA-2015-7-00330124,4.709945447927157
IA-2015-7-00330142,3.2923182752018247
IA-2015-7-00330163,4.640626592666009
IA-2015-7-00330171,4.430476266505759
IA-2015-7-00330179,3.2106107305233484
IA-2015-7-00330217,3.6708418353314327
IA-2015-7-00330236,4.080333896165825
IA-2015-7-00330321,4.764861717881362
IA-2015-7-00330334,4.381002307152101
IA-2015-7-00330343,3.646251738560678
IA-2015-7-00330347,3.885553566287249
IA-2015-7-00330353,3.9991324796514958
IA-2015-7-00330356,4.469286860971848
IA-2015-7-00330364,2.873976432231369
IA-2015-7-00330366,3.806708754151372
IA-2015-7-00330372,4.432241248855713
IA-2015-7-00330389,3.418918780044158
IA-2015-7-00330402,3.1785078625675736
IA-2015-7-00330413,3.8807057950589288
IA-2015-7-00330417,4.562626330061849
IA-2015-7-00330418,3.318597489604694
IA-2015-7-00330422,3.6779781233718465
IA-2015-7-00330433,3.7302569660961487
IA-2015-7-00330434,2.9282955773810846
IA-2015-7-00330438,3.1003638323208973
IA-2015-7-00330441,3.3612403852002997
IA-2015-7-00330444,3.0251249925251633
IA-2015-7-00330460,4.047383053883936
IA-2015-7-00330463,2.9612782563134656
IA-2015-7-00330465,3.984949202469262
IA-2015-7-00330480,4.598456616153725
IA-2015-7-00330491,3.599723671158322
IA-2015-7-00330493,3.5431933447386283
IA-2015-7-00330504,3.924676638295689
IA-2015-7-00330537,3.0983701917289563
IA-2015-7-00330540,3.405271863193941
IA-2015-7-00330557,3.882420759493825
IA-2015-7-00330560,2.976039871471918
IA-2015-7-00330573,3.1369161362264633
IA-2015-7-00330576,4.554659769929432
IA-2015-7-00330596,3.2586074904291733
IA-2015-7-00330597,2.9209294610557945
IA-2015-7-00330616,2.9969149804723463
IA-2015-7-00330640,4.327863914452361
IA-2015-7-00330644,4.670229017544453
IA-2015-7-00330652,4.398433164709753
IA-2015-7-00330672,3.676925506543596
IA-2015-7-00330677,3.0265825824519146
IA-2015-7-00330683,4.336255620965036
IA-2015-7-00330690,4.3526000720739
IA-2015-7-00330698,4.7223801526474345
IA-2015-7-00330737,3.0483263666264824
IA-2015-7-00330745,2.917668353633288
IA-2015-7-00330763,2.9957248523567044
IA-2015-7-00330766,3.085428600434141
IA-2015-7-00330768,2.8372302194751446
IA-2015-7-00330771,2.9800822459995464
IA-2015-7-00330811,4.238864771072996
IA-2015-7-00330840,2.911079150608848
IA-2015-7-00330845,2.9946331644362187
IA-2015-7-00330886,2.943225717900517
IA-2015-7-00330910,2.9540294576514325
IA-2015-7-00330917,3.1052684228879626
IA-2015-7-00330939,3.1483588983894633
IA-2015-7-00330941,3.038218976079814
IA-2015-7-00330960,3.3412765974425573
IA-2015-7-00330966,3.3281473766573404
IA-2015-7-00330977,3.58997148585994
IA-2015-7-00331009,2.93490613059788
IA-2015-7-00331012,4.041230771923231
IA-2015-7-00331092,3.274321805961992
IA-2015-7-00331104,2.9472070519001283
IA-2015-7-00331122,3.189760997257504
IA-2015-7-00331131,3.924410265907304
IA-2015-7-00331169,3.9426758361226772
IA-2015-7-00331173,3.499280160237439
IA-2015-7-00331199,2.855659410367351
IA-2015-7-00331216,2.9863978771376827
IA-2015-7-00331217,2.9558138742396194
IA-2015-7-00331244,4.372893639177895
IA-2015-7-00331251,3.273462826467795
IA-2015-7-00331261,4.560301588558398
IA-2015-7-00331264,4.254009301321832
IA-2015-7-00331289,2.9631491033094965
IA-2015-7-00331361,3.792273323945987
IA-2015-7-00331422,4.600541007526153
IA-2015-7-00331472,3.609031426874078
IA-2015-7-00331480,3.2426336854098237
IA-2015-7-00331482,4.552127937966762
IA-2015-7-00331486,3.236080985360725
IA-2015-7-00331497,2.9672136427758735
IA-2015-7-00331502,3.92052506027063
IA-2015-7-00331514,3.502162331489642
IA-2015-7-00331529,4.60753626756967
IA-2015-7-00331538,3.4085776746706946
IA-2015-7-00331551,4.020412225737053
IA-2015-7-00331554,2.918267110484112
IA-2015-7-00331562,4.496908616398232
IA-2015-7-00331566,4.436914895593122
IA-2015-7-00331571,2.7982102860581994
IA-2015-7-00331587,3.319026661532596
IA-2015-7-00331592,4.664436607986139
IA-2015-7-00331643,2.776114398874287
IA-2015-7-00331651,3.5720344422436368
IA-2015-7-00331706,4.741641646443997
IA-2015-7-00331712,3.284421848367468
IA-2015-7-00331746,3.059478302528265
IA-2015-7-00331748,3.35082358133831
IA-2015-7-00331757,3.300197067101222
IA-2015-7-00331789,3.2816773112046524
IA-2015-7-00331822,3.5434934341976385
IA-2015-7-00331856,4.564784542331359
IA-2015-7-00331882,3.131410940113269
IA-2015-7-00331884,3.113359869391398
IA-2015-7-00331900,4.433854931156932
IA-2015-7-00331926,4.2908168025922455
IA-2015-7-00331932,4.64803257488268
IA-2015-7-00331938,3.5855541053817737
IA-2015-7-00331945,2.8490275228688366
IA-2015-7-00331963,3.711247344138811
IA-2015-7-00331969,2.9370625937475188
IA-2015-7-00331989,4.044596498181099
IA-2015-7-00331992,3.033659562943238
IA-2015-7-00332001,2.728496423445846
IA-2015-7-00332034,3.2639162054186057
IA-2015-7-00332035,3.887978489911297
IA-2015-7-00332107,2.76352160754099
IA-2015-7-00332116,4.592702088649928
IA-2015-7-00332141,4.598098420128891
IA-2015-7-00332169,2.9483518123878367
IA-2015-7-00332181,3.920636713083577
IA-2015-7-00332199,4.073085576444448
IA-2015-7-00332240,3.3944809533513007
IA-2015-7-00332252,4.664455359201109
IA-2015-7-00332314,3.1851580763657763
IA-2015-7-00332316,4.4310709362788385
IA-2015-7-00332335,4.323060752227444
IA-2015-7-00332336,4.0154524057898895
IA-2015-7-00332338,3.099808061577643
IA-2015-7-00332408,4.208708832833909
IA-2015-7-00332418,3.6450843798673125
IA-2015-7-00332437,3.1173870599326845
IA-2015-7-00332448,2.8910129527364736
IA-2015-7-00332452,2.935350845139733
IA-2015-7-00332453,3.074533170323078
IA-2015-7-00332456,3.4508819842891993
IA-2015-7-00332457,4.641080367313854
IA-2015-7-00332458,3.804073562138753
IA-2015-7-00332463,4.428248653624297
IA-2015-7-00332505,2.8664367655535967
IA-2015-7-00332530,3.752270242184152
IA-2015-7-00332535,2.9493768019747746
IA-2015-7-00332550,2.745420026209195
IA-2015-7-00332590,3.4284453775910917
IA-2015-7-00332593,2.953325396990212
IA-2015-7-00332627,3.7395533376698387
IA-2015-7-00332630,3.2677483789187702
IA-2015-7-00332640,3.5371355599101397
IA-2015-7-00332654,3.9733358840888675
IA-2015-7-00332675,3.7550658385002142
IA-2015-7-00332679,4.4704597903798655
IA-2015-7-00332682,2.7120113241592234
IA-2015-7-00332727,4.610817341728672
IA-2015-7-00332751,3.1061651879258916
IA-2015-7-00332752,3.9119436336904263
IA-2015-7-00332759,2.843081783283572
IA-2015-7-00332818,3.0502343873679996
IA-2015-7-00332819,3.7285421829729932
IA-2015-7-00332820,3.030416949451385
IA-2015-7-00332830,3.281989191310827
IA-2015-7-00332834,2.9008113279283902
IA-2015-7-00332840,4.495952915194933
IA-2015-7-00332860,4.002053056836515
IA-2015-7-00332875,4.2559250968060445
IA-2015-7-00332896,4.503217535149182
IA-2015-7-00332943,4.361668571302931
IA-2015-7-00332962,4.247875394531174
IA-2015-7-00332985,2.8320086133292994
IA-2015-7-00332990,3.3456582786286537
IA-2015-7-00333005,2.8566973164838343
IA-2015-7-00333015,3.1261066540227516
IA-2015-7-00333025,2.8071553175307633
IA-2015-7-00333043,2.989676148984233
IA-2015-7-00333091,2.9153552511139784
IA-2015-7-00333107,2.8985070654167364
IA-2015-7-00333113,2.868335617461578
IA-2015-7-00333117,4.44835802478191
IA-2015-7-00333131,2.8839769983704775
IA-2015-7-00333134,4.022082297893557
IA-2015-7-00333145,4.299028068056908
IA-2015-7-00333176,3.4443264775469364
IA-2015-7-00333183,3.541839686069408
IA-2015-7-00333190,2.834068668055944
IA-2015-7-00333215,2.9546643861110615
IA-2015-7-00333242,3.123142997892276
IA-2015-7-00333249,4.610466767597646
IA-2015-7-00333251,4.292720242864433
IA-2015-7-00333348,3.202807188379473
IA-2015-7-00333363,3.219973235719819
IA-2015-7-00333373,4.189425134568036
IA-2015-7-00333383,2.9692696262226823
IA-2015-7-00333399,3.952454828591679
IA-2015-7-00333414,3.712153036032176
IA-2015-7-00333421,2.632528205827515
IA-2015-7-00333431,3.298357381339346
IA-2015-7-00333433,2.8500360410273684
IA-2015-7-00333439,3.438572079899397
IA-2015-7-00333440,2.989922287460881
IA-2015-7-00333459,3.510905944680938
IA-2015-7-00333482,2.8847861866691877
IA-2015-7-00333485,3.4331860334664084
IA-2015-7-00333521,3.166927271328418
IA-2015-7-00333530,2.854595675859133
IA-2015-7-00333538,3.1060349471965614
IA-2015-7-00333545,3.16481334131491
IA-2015-7-00333582,4.372516870957134
IA-2015-7-00333607,3.2183004482342197
IA-2015-7-00333623,2.859313097362704
IA-2015-7-00333662,4.417717557701056
IA-2015-7-00333714,3.0268016037560903
IA-2015-7-00333722,3.752212495891846
IA-2015-7-00333724,3.201336182455395
IA-2015-7-00333740,3.6310270430202385
IA-2015-7-00333750,3.725008607622885
IA-2015-7-00333779,4.347032776277866
IA-2015-7-00333875,3.925278488246966
IA-2015-7-00333878,2.9279729520892728
IA-2015-7-00333882,3.856493568912451
IA-2015-7-00333898,3.207879272326685
IA-2015-7-00333945,4.503556368776574
IA-2015-7-00333948,3.4038195808205023
IA-2015-7-00333952,3.7985092311198825
IA-2015-7-00333959,3.9026184844289054
IA-2015-7-00334042,3.1706867795213993
IA-2015-7-00334043,3.111442129383991
IA-2015-7-00334063,3.9031329915516606
IA-2015-7-00334067,3.8273170130635163
IA-2015-7-00334077,3.8260761568413164
IA-2015-7-00334082,2.615432504140304
IA-2015-7-00334092,3.734824906739447
IA-2015-7-00334093,3.002056989066314
IA-2015-7-00334114,3.1319214212601834
IA-2015-7-00334137,4.462798661337916
IA-2015-7-00334138,2.858931531276716
IA-2015-7-00334148,2.975036295298465
IA-2015-7-00334150,2.933828942406609
IA-2015-7-00334161,3.623037386563328
IA-2015-7-00334163,2.9077784802198314
IA-2015-7-00334205,4.327893024601116
IA-2015-7-00334211,3.5279809509304583
IA-2015-7-00334214,3.6433779196876577
IA-2015-7-00334266,4.2359166389606235
IA-2015-7-00334326,2.692283145759986
IA-2015-7-00334368,2.787938633185262
IA-2015-7-00334413,2.760281791131823
IA-2015-7-00334418,3.1140121797511275
IA-2015-7-00334425,3.0051761172511524
IA-2015-7-00334434,3.1034605144952634
IA-2015-7-00334489,2.933166356020098
IA-2015-7-00334495,2.58794220638812
IA-2015-7-00334504,3.4662654243792046
IA-2015-7-00334509,3.1138693838742126
IA-2015-7-00334510,3.9208201810243173
IA-2015-7-00334556,3.1035740381153003
IA-2015-7-00334560,3.5140575983072493
IA-2015-7-00334610,2.9002741556368923
IA-2015-7-00334653,3.195309863978351
IA-2015-7-00334663,3.203732301455527
IA-2015-7-00334668,3.5192339426293264
IA-2015-7-00334701,4.095935209736065
IA-2015-7-00334702,3.61975214989615
IA-2015-7-00334707,3.2124532975298186
IA-2015-7-00334732,4.2574286281898415
IA-2015-7-00334783,3.2805350137662925
IA-2015-7-00334785,4.268794752883493
IA-2015-7-00334812,4.024225387935895
IA-2015-7-00334820,2.9266910650416156
IA-2015-7-00334827,3.1387177528925383
IA-2015-7-00334852,4.325176607900462
IA-2015-7-00334870,2.8998330378115353
IA-2015-7-00334909,3.4301538105898386
IA-2015-7-00334913,4.307698263485171
IA-2015-7-00334925,4.214082709151017
IA-2015-7-00334926,4.228973736054864
IA-2015-7-00334967,3.3272950299415553
IA-2015-7-00334968,4.405329366860328
IA-2015-7-00334972,4.073604609345824
IA-2015-7-00335009,3.097712856973856
IA-2015-7-00335031,3.8521555883374416
IA-2015-7-00335033,2.5520999308246592
IA-2015-7-00335054,2.787252943122083
IA-2015-7-00335058,4.004838787813518
IA-2015-7-00335074,4.252551150576099
IA-2015-7-00335099,3.742147975623701
IA-2015-7-00335123,4.240150504800066
IA-2015-7-00335146,4.024701024603153
IA-2015-7-00335171,3.4971848706117887
IA-2015-7-00335174,2.6170646183333615
IA-2015-7-00335175,2.751754691350846
IA-2015-7-00335177,2.4747164252627547
IA-2015-7-00335194,3.9254104407610795
IA-2015-7-00335222,2.7403003024599277
IA-2015-7-00335223,4.231407248997917
IA-2015-7-00335224,3.372461802265309
IA-2015-7-00335250,2.991626201300998
IA-2015-7-00335253,3.319619545012123
IA-2015-7-00335274,2.855817067543266
IA-2015-7-00335275,3.4202611271330694
IA-2015-7-00335282,3.105276718182952
IA-2015-7-00335286,3.94122869479581
IA-2015-7-00335294,3.0641513764361497
IA-2015-7-00335324,4.07893907390413
IA-2015-7-00335387,3.6697026443678196
IA-2015-7-00335405,4.212137881068684
IA-2015-7-00335414,2.869816529656002
IA-2015-7-00335416,3.468730012069453
IA-2015-7-00335440,3.508038130704036
IA-2015-7-00335444,3.33449714298004
IA-2015-7-00335454,3.775928827415366
IA-2015-7-00335515,2.564311415080673
IA-2015-7-00335543,2.9820474821993583
IA-2015-7-00335557,3.4202307146197333
IA-2015-7-00335563,4.315742210374615
IA-2015-7-00335570,2.9904648618759593
IA-2015-7-00335577,2.681642612473275
IA-2015-7-00335595,3.1749644462093327
IA-2015-7-00335613,4.082711527167361
IA-2015-7-00335626,2.782961306759545
IA-2015-7-00335679,4.0381824139540745
IA-2015-7-00335680,3.266638077500395
IA-2015-7-00335753,2.6975207814031945
IA-2015-7-00335755,3.0264266444493932
IA-2015-7-00335769,3.286215666471146
IA-2015-7-00335800,4.196064465637163
IA-2015-7-00335810,3.223861867328508
IA-2015-7-00335818,3.368002154430747
IA-2015-7-00335842,2.8318915946794325
IA-2015-7-00335844,2.9444108770384103
IA-2015-7-00335848,3.39040710953494
IA-2015-7-00335856,3.009180762549124
IA-2015-7-00335860,2.878344406724106
IA-2015-7-00335893,4.315317625884265
IA-2015-7-00335907,3.379708416697283
IA-2015-7-00335994,2.811662739966599
IA-2015-7-00336047,2.963798015078029
IA-2015-7-00336053,4.1164801201480925
IA-2015-7-00336112,2.730477444691963
IA-2015-7-00336117,2.5653838347718354
IA-2015-7-00336132,3.911105441158681
IA-2015-7-00336138,2.680327841959918
IA-2015-7-00336157,4.013416877515854
IA-2015-7-00336173,3.0011813839973227
IA-2015-7-00336179,4.3211807102540005
IA-2015-7-00336199,4.290359709155363
IA-2015-7-00336230,3.506464016448869
IA-2015-7-00336248,3.280103369397515
IA-2015-7-00336304,3.717990394596934
IA-2015-7-00336305,2.539311619452195
IA-2015-7-00340002,4.223962882844981
IA-2015-7-00340025,4.530504716763646
IA-2015-7-00340041,3.9839686495469113
IA-2015-7-00340059,3.9518535427590233
IA-2015-7-00340105,3.6342672850749427
IA-2015-7-00340114,3.645424087564445
IA-2015-7-00340124,4.304754087138301
IA-2015-7-00340142,4.68138416285583
IA-2015-7-00340146,3.702811633373498
IA-2015-7-00340148,4.415761836845503
IA-2015-7-00340157,3.637766975858151
IA-2015-7-00340164,4.655715824972612
IA-2015-7-00340173,4.644246155799783
IA-2015-7-00340179,3.9220057744503887
IA-2015-7-00340180,3.8053476378858573
IA-2015-7-00340181,3.980101441696073
IA-2015-7-00340182,4.606266194770425
IA-2015-7-00340195,4.169198311408371
IA-2015-7-00340197,4.424846942302798
IA-2015-7-00340203,4.442021180373159
IA-2015-7-00340212,4.274179178295599
IA-2015-7-00340217,4.264599123156978
IA-2015-7-00340261,4.681152706779455
IA-2015-7-00340269,3.990949215403548
IA-2015-7-00340276,3.628740650065504
IA-2015-7-00340282,4.270791837156834
IA-2015-7-00340322,3.957182210194441
IA-2015-7-00340351,4.607790109453051
IA-2015-7-00340360,3.334095413811541
IA-2015-7-00340374,4.009965725155054
IA-2015-7-00340375,3.2774087117249326
IA-2015-7-00340376,3.5077800953086733
IA-2015-7-00340414,4.263870921629456
IA-2015-7-00340419,3.1873350073411455
IA-2015-7-00340421,4.225175072817281
IA-2015-7-00340429,4.0814066344945825
IA-2015-7-00340434,4.695293770363394
IA-2015-7-00340439,4.574265426192911
IA-2015-7-00340448,4.582765461673832
IA-2015-7-00340453,3.9722630649067465
IA-2015-7-00340489,4.685498277136043
IA-2015-7-00340498,4.115582518558272
IA-2015-7-00340508,3.6585439909981528
IA-2015-7-00340509,3.633917958421181
IA-2015-7-00340515,4.120624462561645
IA-2015-7-00340550,4.377172534044364
IA-2015-7-00340576,4.046010270900235
IA-2015-7-00340580,3.85836999096634
IA-2015-7-00340592,4.487110109888034
IA-2015-7-00340595,4.580015039938376
IA-2015-7-00340598,4.112859748477208
IA-2015-7-00340615,4.294871025911748
IA-2015-7-00340622,4.185315587013141
IA-2015-7-00340625,3.9180439971674463
IA-2015-7-00340627,4.7430601088418225
IA-2015-7-00340631,4.3590176245432115
IA-2015-7-00340634,3.464847872089086
IA-2015-7-00340638,4.533564903203802
IA-2015-7-00340642,4.023575070546164
IA-2015-7-00340652,4.508127116480944
IA-2015-7-00340664,3.096925717552006
IA-2015-7-00340680,3.904586669968035
IA-2015-7-00340685,4.487216170165974
IA-2015-7-00340695,4.473408360584505
IA-2015-7-00340696,4.3112973863376585
IA-2015-7-00340699,3.9315391552773686
IA-2015-7-00340707,4.195730109219381
IA-2015-7-00340718,3.165314031399914
IA-2015-7-00340725,3.5213383417468958
IA-2015-7-00340732,3.8308255258909636
IA-2015-7-00340734,4.408267483488251
IA-2015-7-00340771,4.51553155819124
IA-2015-7-00340781,3.605473271223323
IA-2015-7-00340806,4.2896911102045525
IA-2015-7-00340823,4.343335700785294
IA-2015-7-00350005,3.954625397062458
IA-2015-7-00350040,3.466982308152162
IA-2015-7-00350059,3.1030389580410866
IA-2015-7-00350061,3.1081130663072725
IA-2015-7-00350065,4.194560971350217
IA-2015-7-00350067,3.4021137506529553
IA-2015-7-00350079,3.3175298780076976
IA-2015-7-00350084,3.8800512908305866
IA-2015-7-00350104,4.133475915734245
IA-2015-7-00350109,3.553944058356134
IA-2015-7-00350112,3.846778108938207
IA-2015-7-00350140,3.3101313753980723
IA-2015-7-00350145,4.509740468740006
IA-2015-7-00350160,3.185513021683026
IA-2015-7-00350187,4.676605276736812
IA-2015-7-00350192,3.1070950364571392
IA-2015-7-00350193,3.4134843917093396
IA-2015-7-00350194,3.171331892180174
IA-2015-7-00350203,3.2923502789319596
IA-2015-7-00350205,2.8857371889530765
IA-2015-7-00350226,3.1165304916998484
IA-2015-7-00350229,4.4634999591883044
IA-2015-7-00350254,2.8237212468532396
IA-2015-7-00350264,3.0496854068158616
IA-2015-7-00350272,3.1789745985980784
IA-2015-7-00350280,4.174906048694044
IA-2015-7-00350303,4.487119507562053
IA-2015-7-00350337,3.4776813920836394
IA-2015-7-00350369,2.9461966022791306
IA-2015-7-00350377,3.071241427082026
IA-2015-7-00350385,3.226103388532828
IA-2015-7-00350399,3.4460660190355985
IA-2015-7-00350400,4.648716021168589
IA-2015-7-00350401,3.4692718679140673
IA-2015-7-00350444,3.38829858611679
IA-2015-7-00350479,3.4980424192080517
IA-2015-7-00350482,3.7472047586924515
IA-2015-7-00350487,3.336708873986432
IA-2015-7-00350488,2.9558195385837505
IA-2015-7-00350522,3.0455655941849824
IA-2015-7-00350532,3.3556303221391244
IA-2015-7-00350540,3.7886405658996023
IA-2015-7-00350543,2.8496699962487715
IA-2015-7-00350544,3.370968712757016
IA-2015-7-00350560,4.205459380956338
IA-2015-7-00350563,4.342006807880754
IA-2015-7-00350564,3.159440450938654
IA-2015-7-00350569,4.334222817610129
IA-2015-7-00350579,4.596272922586589
IA-2015-7-00350580,4.527704390876529
IA-2015-7-00350587,4.810685914966037
IA-2015-7-00350589,3.36609201075482
IA-2015-7-00350595,3.578686900484016
IA-2015-7-00350596,3.6189817549365135
IA-2015-7-00350600,4.57547798406333
IA-2015-7-00350608,4.162898076718079
IA-2015-7-00350616,4.432371450357799
IA-2015-7-00350626,3.121039149957032
IA-2015-7-00350628,3.7201379915326
IA-2015-7-00350630,2.8407505341642083
IA-2015-7-00350633,3.3939215606948747
IA-2015-7-00350634,2.8387703600546144
IA-2015-7-00350635,2.846589268142129
IA-2015-7-00350648,3.8315585663737335
IA-2015-7-00350652,3.1306620652386923
IA-2015-7-00350655,3.598357083541871
IA-2015-7-00350681,4.486003013227432
IA-2015-7-00350685,3.9765467847166467
IA-2015-7-00350708,3.2494222765242857
IA-2015-7-00350715,3.6922955474994734
IA-2015-7-00350736,3.790141288725174
IA-2015-7-00350755,3.315285146502277
IA-2015-7-00350764,3.4457760984536496
IA-2015-7-00350780,4.141027592384358
IA-2015-7-00350781,3.1498302127972733
IA-2015-7-00350784,3.8282473545891453
IA-2015-7-00350786,3.2539361652663676
IA-2015-7-00350801,4.585193755645086
IA-2015-7-00350818,3.6773892208004963
IA-2015-7-00350822,3.69500782945039
IA-2015-7-00360013,3.9323498476781
IA-2015-7-00360015,4.758712293092142
IA-2015-7-00360028,4.205799844454756
IA-2015-7-00360038,4.9965876122289075
IA-2015-7-00360098,5.081750919595827
IA-2015-7-00360134,3.8066866816373017
IA-2015-7-00360135,4.384004722536524
IA-2015-7-00360153,3.922187717831427
IA-2015-7-00360165,4.319805429139656
IA-2015-7-00360171,4.393956056836114
IA-2015-7-00360174,5.060187850707795
IA-2015-7-00360187,3.824814798001927
IA-2015-7-00360200,4.777224944627175
IA-2015-7-00360211,4.1306047633743646
IA-2015-7-00360213,4.983460540831679
IA-2015-7-00360226,4.242849803738775
IA-2015-7-00360248,4.381303407707655
IA-2015-7-00360263,5.007398167279806
IA-2015-7-00360269,4.068137624354268
IA-2015-7-00360274,5.031480560389163
IA-2015-7-00360275,5.029411188512238
IA-2015-7-00360282,4.0347469926958865
IA-2015-7-00360309,3.3511400886546414
IA-2015-7-00360389,4.32698617799997
IA-2015-7-00360403,4.9983176480755205
IA-2015-7-00360454,4.661263058559758
IA-2015-7-00360474,4.882432481114581
IA-2015-7-00360476,4.113947976165729
IA-2015-7-00360479,4.271608823506014
